"../../../Engine/Plugins/Animation/ACLPlugin/Content/ACLAnimCurveCompressionSettings.uasset" 0
"../../../Engine/Plugins/Animation/ACLPlugin/Content/ACLAnimCurveCompressionSettings.uexp" 1
"../../../Engine/Plugins/Animation/ACLPlugin/Content/ACLAnimBoneCompressionSettings.uasset" 2
"../../../Engine/Plugins/Animation/ACLPlugin/Content/ACLAnimBoneCompressionSettings.uexp" 3
"../../../Engine/Plugins/2D/Paper2D/Content/PlaceholderTextures/DummySpriteTexture.ubulk" 4
"../../../Engine/Plugins/2D/Paper2D/Content/PlaceholderTextures/DummySpriteTexture.uasset" 5
"../../../Engine/Plugins/2D/Paper2D/Content/PlaceholderTextures/DummySpriteTexture.uexp" 6
"../../../Engine/Plugins/2D/Paper2D/Content/DummySprite.uasset" 7
"../../../Engine/Plugins/2D/Paper2D/Content/DummySprite.uexp" 8
"../../../Engine/Plugins/2D/Paper2D/Content/DefaultPaperTerrainMaterial.uasset" 9
"../../../Engine/Plugins/2D/Paper2D/Content/DefaultPaperTerrainMaterial.uexp" 10
"../../../Engine/Content/Animation/DefaultVariableFrameStrippingSettings.uasset" 11
"../../../Engine/Content/Animation/DefaultVariableFrameStrippingSettings.uexp" 12
"../../../Engine/Content/Animation/DefaultRecorderBoneCompression.uasset" 13
"../../../Engine/Content/Animation/DefaultRecorderBoneCompression.uexp" 14
"../../../Engine/Plugins/Animation/ControlRig/Content/Controls/DefaultGizmoLibraryNormalized.uasset" 15
"../../../Engine/Plugins/Animation/ControlRig/Content/Controls/DefaultGizmoLibraryNormalized.uexp" 16
"../../../Engine/Content/EngineSounds/Master.uasset" 17
"../../../Engine/Content/EngineSounds/Master.uexp" 18
"../../../Engine/Content/EngineMaterials/DefaultPhysicalMaterial.uasset" 19
"../../../Engine/Content/EngineMaterials/DefaultPhysicalMaterial.uexp" 20
"../../../Engine/Content/EngineMaterials/DefaultDestructiblePhysicalMaterial.uasset" 21
"../../../Engine/Content/EngineMaterials/DefaultDestructiblePhysicalMaterial.uexp" 22
"../../../Engine/Content/EngineFonts/Faces/DroidSansFallback.uexp" 23
"../../../Engine/Content/EngineFonts/Faces/DroidSansFallback.uasset" 24
"../../../Engine/Content/EngineFonts/Faces/DroidSansFallback.ufont" 25
"../../../Engine/Content/EngineFonts/Faces/RobotoRegular.uexp" 26
"../../../Engine/Content/EngineFonts/Faces/RobotoRegular.uasset" 27
"../../../Engine/Content/EngineFonts/Faces/RobotoRegular.ufont" 28
"../../../Engine/Content/EngineFonts/Faces/RobotoLight.uexp" 29
"../../../Engine/Content/EngineFonts/Faces/RobotoLight.uasset" 30
"../../../Engine/Content/EngineFonts/Faces/RobotoLight.ufont" 31
"../../../Engine/Content/EngineFonts/Faces/RobotoItalic.uexp" 32
"../../../Engine/Content/EngineFonts/Faces/RobotoItalic.uasset" 33
"../../../Engine/Content/EngineFonts/Faces/RobotoItalic.ufont" 34
"../../../Engine/Content/EngineFonts/Faces/RobotoBoldItalic.uexp" 35
"../../../Engine/Content/EngineFonts/Faces/RobotoBoldItalic.uasset" 36
"../../../Engine/Content/EngineFonts/Faces/RobotoBoldItalic.ufont" 37
"../../../Engine/Content/EngineFonts/Faces/RobotoBold.uexp" 38
"../../../Engine/Content/EngineFonts/Faces/RobotoBold.uasset" 39
"../../../Engine/Content/EngineFonts/Faces/RobotoBold.ufont" 40
"../../../Engine/Content/EngineFonts/Roboto.uasset" 41
"../../../Engine/Content/EngineFonts/Roboto.uexp" 42
"../../../Engine/Content/EngineFonts/Faces/DroidSansMono.uexp" 43
"../../../Engine/Content/EngineFonts/Faces/DroidSansMono.uasset" 44
"../../../Engine/Content/EngineFonts/Faces/DroidSansMono.ufont" 45
"../../../Engine/Content/EngineFonts/DroidSansMono.uasset" 46
"../../../Engine/Content/EngineFonts/DroidSansMono.uexp" 47
"../../../Engine/Plugins/Interchange/Runtime/Content/Pipelines/DefaultTexturePipeline.uasset" 48
"../../../Engine/Plugins/Interchange/Runtime/Content/Pipelines/DefaultTexturePipeline.uexp" 49
"../../../Engine/Plugins/Interchange/Runtime/Content/Pipelines/DefaultSceneLevelPipeline.uasset" 50
"../../../Engine/Plugins/Interchange/Runtime/Content/Pipelines/DefaultSceneLevelPipeline.uexp" 51
"../../../Engine/Plugins/Interchange/Runtime/Content/Pipelines/DefaultSceneAssetsPipeline.uasset" 52
"../../../Engine/Plugins/Interchange/Runtime/Content/Pipelines/DefaultSceneAssetsPipeline.uexp" 53
"../../../Engine/Plugins/Interchange/Runtime/Content/Pipelines/DefaultMaterialXPipeline.uasset" 54
"../../../Engine/Plugins/Interchange/Runtime/Content/Pipelines/DefaultMaterialXPipeline.uexp" 55
"../../../Engine/Plugins/Interchange/Runtime/Content/Pipelines/DefaultMaterialPipeline.uasset" 56
"../../../Engine/Plugins/Interchange/Runtime/Content/Pipelines/DefaultMaterialPipeline.uexp" 57
"../../../Engine/Plugins/Interchange/Runtime/Content/Pipelines/DefaultGLTFSceneAssetsPipeline.uasset" 58
"../../../Engine/Plugins/Interchange/Runtime/Content/Pipelines/DefaultGLTFSceneAssetsPipeline.uexp" 59
"../../../Engine/Plugins/Interchange/Runtime/Content/Pipelines/DefaultGLTFPipeline.uasset" 60
"../../../Engine/Plugins/Interchange/Runtime/Content/Pipelines/DefaultGLTFPipeline.uexp" 61
"../../../Engine/Plugins/Interchange/Runtime/Content/Pipelines/DefaultGLTFAssetsPipeline.uasset" 62
"../../../Engine/Plugins/Interchange/Runtime/Content/Pipelines/DefaultGLTFAssetsPipeline.uexp" 63
"../../../Engine/Plugins/Interchange/Runtime/Content/Pipelines/DefaultAssetsPipeline.uasset" 64
"../../../Engine/Plugins/Interchange/Runtime/Content/Pipelines/DefaultAssetsPipeline.uexp" 65
"../../../Engine/Content/MobileResources/HUD/VirtualJoystick_Thumb.uasset" 66
"../../../Engine/Content/MobileResources/HUD/VirtualJoystick_Thumb.uexp" 67
"../../../Engine/Content/MobileResources/HUD/VirtualJoystick_Background.uasset" 68
"../../../Engine/Content/MobileResources/HUD/VirtualJoystick_Background.uexp" 69
"../../../Engine/Content/MobileResources/HUD/DefaultVirtualJoysticks.uasset" 70
"../../../Engine/Content/MobileResources/HUD/DefaultVirtualJoysticks.uexp" 71
"../../../Engine/Content/EngineResources/GradientTexture0.uasset" 72
"../../../Engine/Content/EngineResources/GradientTexture0.uexp" 73
"../../../Engine/Content/EngineResources/Black.uasset" 74
"../../../Engine/Content/EngineResources/Black.uexp" 75
"../../../Engine/Content/EditorResources/S_Actor.ubulk" 76
"../../../Engine/Content/EditorResources/S_Actor.uasset" 77
"../../../Engine/Content/EditorResources/S_Actor.uexp" 78
"../../../Engine/Content/EditorResources/S_Trigger.ubulk" 79
"../../../Engine/Content/EditorResources/S_Trigger.uasset" 80
"../../../Engine/Content/EditorResources/S_Trigger.uexp" 81
"../../../Engine/Content/EditorResources/S_BoxReflectionCapture.uasset" 82
"../../../Engine/Content/EditorResources/S_BoxReflectionCapture.uexp" 83
"../../../Engine/Content/EngineResources/DefaultTexture.ubulk" 84
"../../../Engine/Content/EngineResources/DefaultTexture.uasset" 85
"../../../Engine/Content/EngineResources/DefaultTexture.uexp" 86
"../../../Engine/Content/EditorResources/S_TriggerBox.uasset" 87
"../../../Engine/Content/EditorResources/S_TriggerBox.uexp" 88
"../../../Engine/Content/EditorResources/S_TriggerCapsule.uasset" 89
"../../../Engine/Content/EditorResources/S_TriggerCapsule.uexp" 90
"../../../Engine/Content/EditorResources/S_TriggerSphere.uasset" 91
"../../../Engine/Content/EditorResources/S_TriggerSphere.uexp" 92
"../../../Engine/Content/EngineMeshes/Sphere.ubulk" 93
"../../../Engine/Content/EngineMeshes/Sphere.uasset" 94
"../../../Engine/Content/EngineMeshes/Sphere.uexp" 95
"../../../Engine/Plugins/NNE/NNEDenoiser/Content/NNEDTOM_Output_Default.uasset" 96
"../../../Engine/Plugins/NNE/NNEDenoiser/Content/NNEDTOM_Output_Default.uexp" 97
"../../../Engine/Plugins/NNE/NNEDenoiser/Content/NNEDTOM_Output_Alpha.uasset" 98
"../../../Engine/Plugins/NNE/NNEDenoiser/Content/NNEDTOM_Output_Alpha.uexp" 99
"../../../Engine/Plugins/NNE/NNEDenoiser/Content/NNEDTIM_ColorAlbedoNormal_Default.uasset" 100
"../../../Engine/Plugins/NNE/NNEDenoiser/Content/NNEDTIM_ColorAlbedoNormal_Default.uexp" 101
"../../../Engine/Plugins/NNE/NNEDenoiser/Content/NNEDTIM_ColorAlbedoNormal_Alpha.uasset" 102
"../../../Engine/Plugins/NNE/NNEDenoiser/Content/NNEDTIM_ColorAlbedoNormal_Alpha.uexp" 103
"../../../Engine/Plugins/NNE/NNEDenoiser/Content/NNEDOM_Output_Default.uasset" 104
"../../../Engine/Plugins/NNE/NNEDenoiser/Content/NNEDOM_Output_Default.uexp" 105
"../../../Engine/Plugins/NNE/NNEDenoiser/Content/NNEDOM_Output_Alpha.uasset" 106
"../../../Engine/Plugins/NNE/NNEDenoiser/Content/NNEDOM_Output_Alpha.uexp" 107
"../../../Engine/Plugins/NNE/NNEDenoiser/Content/NNEDIM_HighQuality_Default.uasset" 108
"../../../Engine/Plugins/NNE/NNEDenoiser/Content/NNEDIM_HighQuality_Default.uexp" 109
"../../../Engine/Plugins/NNE/NNEDenoiser/Content/NNEDIM_HighQuality_Alpha.uasset" 110
"../../../Engine/Plugins/NNE/NNEDenoiser/Content/NNEDIM_HighQuality_Alpha.uexp" 111
"../../../Engine/Plugins/NNE/NNEDenoiser/Content/NNEDIM_ColorAlbedoNormal_Default.uasset" 112
"../../../Engine/Plugins/NNE/NNEDenoiser/Content/NNEDIM_ColorAlbedoNormal_Default.uexp" 113
"../../../Engine/Plugins/NNE/NNEDenoiser/Content/NNEDIM_ColorAlbedoNormal_Alpha.uasset" 114
"../../../Engine/Plugins/NNE/NNEDenoiser/Content/NNEDIM_ColorAlbedoNormal_Alpha.uexp" 115
"../../../Engine/Content/EngineMaterials/T_Default_Material_Grid_M.ubulk" 116
"../../../Engine/Content/EngineMaterials/T_Default_Material_Grid_M.uasset" 117
"../../../Engine/Content/EngineMaterials/T_Default_Material_Grid_M.uexp" 118
"../../../Engine/Content/Functions/Engine_MaterialFunctions01/Opacity/CameraDepthFade.uasset" 119
"../../../Engine/Content/Functions/Engine_MaterialFunctions01/Opacity/CameraDepthFade.uexp" 120
"../../../Engine/Content/EngineMaterials/T_Default_Material_Grid_N.ubulk" 121
"../../../Engine/Content/EngineMaterials/T_Default_Material_Grid_N.uasset" 122
"../../../Engine/Content/EngineMaterials/T_Default_Material_Grid_N.uexp" 123
"../../../Engine/Content/EngineMaterials/WorldGridMaterial.uasset" 124
"../../../Engine/Content/EngineMaterials/WorldGridMaterial.uexp" 125
"../../../Engine/Plugins/Media/MediaPlate/Content/SM_MediaPlateScreen.ubulk" 126
"../../../Engine/Plugins/Media/MediaPlate/Content/SM_MediaPlateScreen.uasset" 127
"../../../Engine/Plugins/Media/MediaPlate/Content/SM_MediaPlateScreen.uexp" 128
"../../../Engine/Content/Functions/Engine_MaterialFunctions02/WorldPositionOffset/CameraOffset.uasset" 129
"../../../Engine/Content/Functions/Engine_MaterialFunctions02/WorldPositionOffset/CameraOffset.uexp" 130
"../../../Engine/Plugins/Animation/ControlRig/Content/M_Manip.uasset" 131
"../../../Engine/Plugins/Animation/ControlRig/Content/M_Manip.uexp" 132
"../../../Engine/Content/EngineMaterials/DefaultMaterial.uasset" 133
"../../../Engine/Content/EngineMaterials/DefaultMaterial.uexp" 134
"../../../Engine/Content/BasicShapes/Sphere.ubulk" 135
"../../../Engine/Content/BasicShapes/Sphere.uasset" 136
"../../../Engine/Content/BasicShapes/Sphere.uexp" 137
"../../../Engine/Content/BasicShapes/Cylinder.ubulk" 138
"../../../Engine/Content/BasicShapes/Cylinder.uasset" 139
"../../../Engine/Content/BasicShapes/Cylinder.uexp" 140
"../../../Engine/Content/BasicShapes/Cube.ubulk" 141
"../../../Engine/Content/BasicShapes/Cube.uasset" 142
"../../../Engine/Content/BasicShapes/Cube.uexp" 143
"../../../Engine/Content/BasicShapes/Cone.ubulk" 144
"../../../Engine/Content/BasicShapes/Cone.uasset" 145
"../../../Engine/Content/BasicShapes/Cone.uexp" 146
"../../../Engine/Content/BasicShapes/BasicShapeMaterial.uasset" 147
"../../../Engine/Content/BasicShapes/BasicShapeMaterial.uexp" 148
"../../../Engine/Content/EditorResources/S_Terrain.ubulk" 149
"../../../Engine/Content/EditorResources/S_Terrain.uasset" 150
"../../../Engine/Content/EditorResources/S_Terrain.uexp" 151
"../../../Engine/Content/EditorResources/S_Solver.ubulk" 152
"../../../Engine/Content/EditorResources/S_Solver.uasset" 153
"../../../Engine/Content/EditorResources/S_Solver.uexp" 154
"../../../Engine/Content/EditorResources/BSPVertex.uasset" 155
"../../../Engine/Content/EditorResources/BSPVertex.uexp" 156
"../../../Engine/Content/EditorMaterials/PreviewShadowIndicator.ubulk" 157
"../../../Engine/Content/EditorMaterials/PreviewShadowIndicator.uasset" 158
"../../../Engine/Content/EditorMaterials/PreviewShadowIndicator.uexp" 159
"../../../Engine/Content/EditorMaterials/PreviewShadowIndicatorMaterial.uasset" 160
"../../../Engine/Content/EditorMaterials/PreviewShadowIndicatorMaterial.uexp" 161
"../../../Engine/Content/EditorMaterials/PhAT_UnselectedMaterial.uasset" 162
"../../../Engine/Content/EditorMaterials/PhAT_UnselectedMaterial.uexp" 163
"../../../Engine/Content/EditorMaterials/PhAT_NoCollisionMaterial.uasset" 164
"../../../Engine/Content/EditorMaterials/PhAT_NoCollisionMaterial.uexp" 165
"../../../Engine/Content/EditorLandscapeResources/SplineEditorMeshMat.uasset" 166
"../../../Engine/Content/EditorLandscapeResources/SplineEditorMeshMat.uexp" 167
"../../../Engine/Content/EditorLandscapeResources/SplineEditorMesh.ubulk" 168
"../../../Engine/Content/EditorLandscapeResources/SplineEditorMesh.uasset" 169
"../../../Engine/Content/EditorLandscapeResources/SplineEditorMesh.uexp" 170
"../../../Engine/Content/EditorLandscapeResources/WhiteSquareTexture.uasset" 171
"../../../Engine/Content/EditorLandscapeResources/WhiteSquareTexture.uexp" 172
"../../../Engine/Content/EditorLandscapeResources/LayerVisMaterial.uasset" 173
"../../../Engine/Content/EditorLandscapeResources/LayerVisMaterial.uexp" 174
"../../../Engine/Content/Functions/Engine_MaterialFunctions02/Utility/BreakOutFloat2Components.uasset" 175
"../../../Engine/Content/Functions/Engine_MaterialFunctions02/Utility/BreakOutFloat2Components.uexp" 176
"../../../Engine/Content/Functions/Engine_MaterialFunctions01/Texturing/ScaleUVsByCenter.uasset" 177
"../../../Engine/Content/Functions/Engine_MaterialFunctions01/Texturing/ScaleUVsByCenter.uexp" 178
"../../../Engine/Content/Functions/Engine_MaterialFunctions02/WorldPositionOffset/LocalPosition.uasset" 179
"../../../Engine/Content/Functions/Engine_MaterialFunctions02/WorldPositionOffset/LocalPosition.uexp" 180
"../../../Engine/Content/EngineMaterials/DefaultDiffuse.ubulk" 181
"../../../Engine/Content/EngineMaterials/DefaultDiffuse.uasset" 182
"../../../Engine/Content/EngineMaterials/DefaultDiffuse.uexp" 183
"../../../Engine/Content/Functions/Engine_MaterialFunctions01/Texturing/TextureCropping.uasset" 184
"../../../Engine/Content/Functions/Engine_MaterialFunctions01/Texturing/TextureCropping.uexp" 185
"../../../Engine/Content/Functions/Engine_MaterialFunctions02/ExampleContent/DebugNumberStrip.uasset" 186
"../../../Engine/Content/Functions/Engine_MaterialFunctions02/ExampleContent/DebugNumberStrip.uexp" 187
"../../../Engine/Content/Functions/Engine_MaterialFunctions01/Debug/DebugIntValues.uasset" 188
"../../../Engine/Content/Functions/Engine_MaterialFunctions01/Debug/DebugIntValues.uexp" 189
"../../../Engine/Content/EditorLandscapeResources/LandscapeLayerUsageMaterial.uasset" 190
"../../../Engine/Content/EditorLandscapeResources/LandscapeLayerUsageMaterial.uexp" 191
"../../../Engine/Content/EditorLandscapeResources/DefaultAlphaTexture.uasset" 192
"../../../Engine/Content/EditorLandscapeResources/DefaultAlphaTexture.uexp" 193
"../../../Engine/Content/EditorLandscapeResources/LandscapeDirtyMaterial.uasset" 194
"../../../Engine/Content/EditorLandscapeResources/LandscapeDirtyMaterial.uexp" 195
"../../../Engine/Content/Functions/Engine_MaterialFunctions02/Utility/VectorLength.uasset" 196
"../../../Engine/Content/Functions/Engine_MaterialFunctions02/Utility/VectorLength.uexp" 197
"../../../Engine/Content/Functions/Engine_MaterialFunctions02/Utility/BreakOutFloat3Components.uasset" 198
"../../../Engine/Content/Functions/Engine_MaterialFunctions02/Utility/BreakOutFloat3Components.uexp" 199
"../../../Engine/Content/Functions/Engine_MaterialFunctions02/WorldPositionOffset/ObjectScale.uasset" 200
"../../../Engine/Content/Functions/Engine_MaterialFunctions02/WorldPositionOffset/ObjectScale.uexp" 201
"../../../Engine/Content/Functions/Engine_MaterialFunctions02/SafeNormalize.uasset" 202
"../../../Engine/Content/Functions/Engine_MaterialFunctions02/SafeNormalize.uexp" 203
"../../../Engine/Plugins/Editor/SpeedTreeImporter/Content/SpeedTree9/UnpackInteger3.uasset" 204
"../../../Engine/Plugins/Editor/SpeedTreeImporter/Content/SpeedTree9/UnpackInteger3.uexp" 205
"../../../Engine/Plugins/Editor/SpeedTreeImporter/Content/SpeedTree9/UnpackDirection.uasset" 206
"../../../Engine/Plugins/Editor/SpeedTreeImporter/Content/SpeedTree9/UnpackDirection.uexp" 207
"../../../Engine/Plugins/Editor/SpeedTreeImporter/Content/SpeedTree9/game_wind_noise.ubulk" 208
"../../../Engine/Plugins/Editor/SpeedTreeImporter/Content/SpeedTree9/game_wind_noise.uasset" 209
"../../../Engine/Plugins/Editor/SpeedTreeImporter/Content/SpeedTree9/game_wind_noise.uexp" 210
"../../../Engine/Plugins/Editor/SpeedTreeImporter/Content/SpeedTree9/SpeedTreeWindMotion.uasset" 211
"../../../Engine/Plugins/Editor/SpeedTreeImporter/Content/SpeedTree9/SpeedTreeWindMotion.uexp" 212
"../../../Engine/Plugins/Editor/SpeedTreeImporter/Content/SpeedTree9/SpeedTreeBranchMotion.uasset" 213
"../../../Engine/Plugins/Editor/SpeedTreeImporter/Content/SpeedTree9/SpeedTreeBranchMotion.uexp" 214
"../../../Engine/Content/Functions/Engine_MaterialFunctions02/ObjectLocalBounds.uasset" 215
"../../../Engine/Content/Functions/Engine_MaterialFunctions02/ObjectLocalBounds.uexp" 216
"../../../Engine/Content/Functions/Engine_MaterialFunctions02/UVs/BoundingBoxBased_0-1_UVW.uasset" 217
"../../../Engine/Content/Functions/Engine_MaterialFunctions02/UVs/BoundingBoxBased_0-1_UVW.uexp" 218
"../../../Engine/Plugins/Editor/SpeedTreeImporter/Content/SpeedTree9/SpeedTreeWind.uasset" 219
"../../../Engine/Plugins/Editor/SpeedTreeImporter/Content/SpeedTree9/SpeedTreeWind.uexp" 220
"../../../Engine/Plugins/Editor/SpeedTreeImporter/Content/SpeedTree9/SpeedTreeCameraFacing.uasset" 221
"../../../Engine/Plugins/Editor/SpeedTreeImporter/Content/SpeedTree9/SpeedTreeCameraFacing.uexp" 222
"../../../Engine/Plugins/Editor/SpeedTreeImporter/Content/SpeedTree9/EmptyNormal.uasset" 223
"../../../Engine/Plugins/Editor/SpeedTreeImporter/Content/SpeedTree9/EmptyNormal.uexp" 224
"../../../Engine/Plugins/Editor/SpeedTreeImporter/Content/SpeedTree9/Empty.uasset" 225
"../../../Engine/Plugins/Editor/SpeedTreeImporter/Content/SpeedTree9/Empty.uexp" 226
"../../../Engine/Plugins/Editor/SpeedTreeImporter/Content/SpeedTree9/SpeedTreeMaster.uasset" 227
"../../../Engine/Plugins/Editor/SpeedTreeImporter/Content/SpeedTree9/SpeedTreeMaster.uexp" 228
"../../../Engine/Plugins/Editor/SpeedTreeImporter/Content/SpeedTree9/SpeedTreeBillboard.uasset" 229
"../../../Engine/Plugins/Editor/SpeedTreeImporter/Content/SpeedTree9/SpeedTreeBillboard.uexp" 230
"../../../Engine/Plugins/Editor/SpeedTreeImporter/Content/SpeedTree9/SpeedTreeBillboardMaster.uasset" 231
"../../../Engine/Plugins/Editor/SpeedTreeImporter/Content/SpeedTree9/SpeedTreeBillboardMaster.uexp" 232
"../../../Engine/Plugins/Animation/ControlRig/Content/Controls/ControlRig_Wedge_solid.ubulk" 233
"../../../Engine/Plugins/Animation/ControlRig/Content/Controls/ControlRig_Wedge_solid.uasset" 234
"../../../Engine/Plugins/Animation/ControlRig/Content/Controls/ControlRig_Wedge_solid.uexp" 235
"../../../Engine/Plugins/Animation/ControlRig/Content/Controls/ControlRig_Wedge_3mm.ubulk" 236
"../../../Engine/Plugins/Animation/ControlRig/Content/Controls/ControlRig_Wedge_3mm.uasset" 237
"../../../Engine/Plugins/Animation/ControlRig/Content/Controls/ControlRig_Wedge_3mm.uexp" 238
"../../../Engine/Plugins/Animation/ControlRig/Content/Controls/ControlRig_Wedge_1mm.ubulk" 239
"../../../Engine/Plugins/Animation/ControlRig/Content/Controls/ControlRig_Wedge_1mm.uasset" 240
"../../../Engine/Plugins/Animation/ControlRig/Content/Controls/ControlRig_Wedge_1mm.uexp" 241
"../../../Engine/Plugins/Animation/ControlRig/Content/Controls/ControlRig_Triangle_solid.ubulk" 242
"../../../Engine/Plugins/Animation/ControlRig/Content/Controls/ControlRig_Triangle_solid.uasset" 243
"../../../Engine/Plugins/Animation/ControlRig/Content/Controls/ControlRig_Triangle_solid.uexp" 244
"../../../Engine/Plugins/Animation/ControlRig/Content/Controls/ControlRig_Triangle_3mm.ubulk" 245
"../../../Engine/Plugins/Animation/ControlRig/Content/Controls/ControlRig_Triangle_3mm.uasset" 246
"../../../Engine/Plugins/Animation/ControlRig/Content/Controls/ControlRig_Triangle_3mm.uexp" 247
"../../../Engine/Plugins/Animation/ControlRig/Content/Controls/ControlRig_Triangle_1mm.ubulk" 248
"../../../Engine/Plugins/Animation/ControlRig/Content/Controls/ControlRig_Triangle_1mm.uasset" 249
"../../../Engine/Plugins/Animation/ControlRig/Content/Controls/ControlRig_Triangle_1mm.uexp" 250
"../../../Engine/Plugins/Animation/ControlRig/Content/Controls/ControlRig_Star4_solid.ubulk" 251
"../../../Engine/Plugins/Animation/ControlRig/Content/Controls/ControlRig_Star4_solid.uasset" 252
"../../../Engine/Plugins/Animation/ControlRig/Content/Controls/ControlRig_Star4_solid.uexp" 253
"../../../Engine/Plugins/Animation/ControlRig/Content/Controls/ControlRig_Star4_3mm.ubulk" 254
"../../../Engine/Plugins/Animation/ControlRig/Content/Controls/ControlRig_Star4_3mm.uasset" 255
"../../../Engine/Plugins/Animation/ControlRig/Content/Controls/ControlRig_Star4_3mm.uexp" 256
"../../../Engine/Plugins/Animation/ControlRig/Content/Controls/ControlRig_Star4_1mm.ubulk" 257
"../../../Engine/Plugins/Animation/ControlRig/Content/Controls/ControlRig_Star4_1mm.uasset" 258
"../../../Engine/Plugins/Animation/ControlRig/Content/Controls/ControlRig_Star4_1mm.uexp" 259
"../../../Engine/Plugins/Animation/ControlRig/Content/Controls/ControlRig_Square_solid.ubulk" 260
"../../../Engine/Plugins/Animation/ControlRig/Content/Controls/ControlRig_Square_solid.uasset" 261
"../../../Engine/Plugins/Animation/ControlRig/Content/Controls/ControlRig_Square_solid.uexp" 262
"../../../Engine/Plugins/Animation/ControlRig/Content/Controls/ControlRig_Square_3mm.ubulk" 263
"../../../Engine/Plugins/Animation/ControlRig/Content/Controls/ControlRig_Square_3mm.uasset" 264
"../../../Engine/Plugins/Animation/ControlRig/Content/Controls/ControlRig_Square_3mm.uexp" 265
"../../../Engine/Plugins/Animation/ControlRig/Content/Controls/ControlRig_Square_1mm.ubulk" 266
"../../../Engine/Plugins/Animation/ControlRig/Content/Controls/ControlRig_Square_1mm.uasset" 267
"../../../Engine/Plugins/Animation/ControlRig/Content/Controls/ControlRig_Square_1mm.uexp" 268
"../../../Engine/Plugins/Animation/ControlRig/Content/Controls/ControlRig_Sphere_solid.ubulk" 269
"../../../Engine/Plugins/Animation/ControlRig/Content/Controls/ControlRig_Sphere_solid.uasset" 270
"../../../Engine/Plugins/Animation/ControlRig/Content/Controls/ControlRig_Sphere_solid.uexp" 271
"../../../Engine/Plugins/Animation/ControlRig/Content/Controls/ControlRig_Sphere_3mm.ubulk" 272
"../../../Engine/Plugins/Animation/ControlRig/Content/Controls/ControlRig_Sphere_3mm.uasset" 273
"../../../Engine/Plugins/Animation/ControlRig/Content/Controls/ControlRig_Sphere_3mm.uexp" 274
"../../../Engine/Plugins/Animation/ControlRig/Content/Controls/ControlRig_Sphere_1mm.ubulk" 275
"../../../Engine/Plugins/Animation/ControlRig/Content/Controls/ControlRig_Sphere_1mm.uasset" 276
"../../../Engine/Plugins/Animation/ControlRig/Content/Controls/ControlRig_Sphere_1mm.uexp" 277
"../../../Engine/Plugins/Animation/ControlRig/Content/Controls/ControlRig_RoundedTriangle_solid.ubulk" 278
"../../../Engine/Plugins/Animation/ControlRig/Content/Controls/ControlRig_RoundedTriangle_solid.uasset" 279
"../../../Engine/Plugins/Animation/ControlRig/Content/Controls/ControlRig_RoundedTriangle_solid.uexp" 280
"../../../Engine/Plugins/Animation/ControlRig/Content/Controls/ControlRig_RoundedTriangle_3mm.ubulk" 281
"../../../Engine/Plugins/Animation/ControlRig/Content/Controls/ControlRig_RoundedTriangle_3mm.uasset" 282
"../../../Engine/Plugins/Animation/ControlRig/Content/Controls/ControlRig_RoundedTriangle_3mm.uexp" 283
"../../../Engine/Plugins/Animation/ControlRig/Content/Controls/ControlRig_RoundedTriangle_1mm.ubulk" 284
"../../../Engine/Plugins/Animation/ControlRig/Content/Controls/ControlRig_RoundedTriangle_1mm.uasset" 285
"../../../Engine/Plugins/Animation/ControlRig/Content/Controls/ControlRig_RoundedTriangle_1mm.uexp" 286
"../../../Engine/Plugins/Animation/ControlRig/Content/Controls/ControlRig_RoundedSquare_solid.ubulk" 287
"../../../Engine/Plugins/Animation/ControlRig/Content/Controls/ControlRig_RoundedSquare_solid.uasset" 288
"../../../Engine/Plugins/Animation/ControlRig/Content/Controls/ControlRig_RoundedSquare_solid.uexp" 289
"../../../Engine/Plugins/Animation/ControlRig/Content/Controls/ControlRig_RoundedSquare_3mm.ubulk" 290
"../../../Engine/Plugins/Animation/ControlRig/Content/Controls/ControlRig_RoundedSquare_3mm.uasset" 291
"../../../Engine/Plugins/Animation/ControlRig/Content/Controls/ControlRig_RoundedSquare_3mm.uexp" 292
"../../../Engine/Plugins/Animation/ControlRig/Content/Controls/ControlRig_RoundedSquare_1mm.ubulk" 293
"../../../Engine/Plugins/Animation/ControlRig/Content/Controls/ControlRig_RoundedSquare_1mm.uasset" 294
"../../../Engine/Plugins/Animation/ControlRig/Content/Controls/ControlRig_RoundedSquare_1mm.uexp" 295
"../../../Engine/Plugins/Animation/ControlRig/Content/Controls/ControlRig_QuarterCircle_solid.ubulk" 296
"../../../Engine/Plugins/Animation/ControlRig/Content/Controls/ControlRig_QuarterCircle_solid.uasset" 297
"../../../Engine/Plugins/Animation/ControlRig/Content/Controls/ControlRig_QuarterCircle_solid.uexp" 298
"../../../Engine/Plugins/Animation/ControlRig/Content/Controls/ControlRig_QuarterCircle_3mm.ubulk" 299
"../../../Engine/Plugins/Animation/ControlRig/Content/Controls/ControlRig_QuarterCircle_3mm.uasset" 300
"../../../Engine/Plugins/Animation/ControlRig/Content/Controls/ControlRig_QuarterCircle_3mm.uexp" 301
"../../../Engine/Plugins/Animation/ControlRig/Content/Controls/ControlRig_QuarterCircle_1mm.ubulk" 302
"../../../Engine/Plugins/Animation/ControlRig/Content/Controls/ControlRig_QuarterCircle_1mm.uasset" 303
"../../../Engine/Plugins/Animation/ControlRig/Content/Controls/ControlRig_QuarterCircle_1mm.uexp" 304
"../../../Engine/Plugins/Animation/ControlRig/Content/Controls/ControlRig_Pyramid_solid.ubulk" 305
"../../../Engine/Plugins/Animation/ControlRig/Content/Controls/ControlRig_Pyramid_solid.uasset" 306
"../../../Engine/Plugins/Animation/ControlRig/Content/Controls/ControlRig_Pyramid_solid.uexp" 307
"../../../Engine/Plugins/Animation/ControlRig/Content/Controls/ControlRig_Pyramid_3mm.ubulk" 308
"../../../Engine/Plugins/Animation/ControlRig/Content/Controls/ControlRig_Pyramid_3mm.uasset" 309
"../../../Engine/Plugins/Animation/ControlRig/Content/Controls/ControlRig_Pyramid_3mm.uexp" 310
"../../../Engine/Plugins/Animation/ControlRig/Content/Controls/ControlRig_Pyramid_1mm.ubulk" 311
"../../../Engine/Plugins/Animation/ControlRig/Content/Controls/ControlRig_Pyramid_1mm.uasset" 312
"../../../Engine/Plugins/Animation/ControlRig/Content/Controls/ControlRig_Pyramid_1mm.uexp" 313
"../../../Engine/Plugins/Animation/ControlRig/Content/Controls/ControlRig_Octagon_solid.ubulk" 314
"../../../Engine/Plugins/Animation/ControlRig/Content/Controls/ControlRig_Octagon_solid.uasset" 315
"../../../Engine/Plugins/Animation/ControlRig/Content/Controls/ControlRig_Octagon_solid.uexp" 316
"../../../Engine/Plugins/Animation/ControlRig/Content/Controls/ControlRig_Octagon_3mm.ubulk" 317
"../../../Engine/Plugins/Animation/ControlRig/Content/Controls/ControlRig_Octagon_3mm.uasset" 318
"../../../Engine/Plugins/Animation/ControlRig/Content/Controls/ControlRig_Octagon_3mm.uexp" 319
"../../../Engine/Plugins/Animation/ControlRig/Content/Controls/ControlRig_Octagon_1mm.ubulk" 320
"../../../Engine/Plugins/Animation/ControlRig/Content/Controls/ControlRig_Octagon_1mm.uasset" 321
"../../../Engine/Plugins/Animation/ControlRig/Content/Controls/ControlRig_Octagon_1mm.uexp" 322
"../../../Engine/Plugins/Animation/ControlRig/Content/Controls/ControlRig_Hexagon_solid.ubulk" 323
"../../../Engine/Plugins/Animation/ControlRig/Content/Controls/ControlRig_Hexagon_solid.uasset" 324
"../../../Engine/Plugins/Animation/ControlRig/Content/Controls/ControlRig_Hexagon_solid.uexp" 325
"../../../Engine/Plugins/Animation/ControlRig/Content/Controls/ControlRig_Hexagon_3mm.ubulk" 326
"../../../Engine/Plugins/Animation/ControlRig/Content/Controls/ControlRig_Hexagon_3mm.uasset" 327
"../../../Engine/Plugins/Animation/ControlRig/Content/Controls/ControlRig_Hexagon_3mm.uexp" 328
"../../../Engine/Plugins/Animation/ControlRig/Content/Controls/ControlRig_Hexagon_1mm.ubulk" 329
"../../../Engine/Plugins/Animation/ControlRig/Content/Controls/ControlRig_Hexagon_1mm.uasset" 330
"../../../Engine/Plugins/Animation/ControlRig/Content/Controls/ControlRig_Hexagon_1mm.uexp" 331
"../../../Engine/Plugins/Animation/ControlRig/Content/Controls/ControlRig_HalfCircle_solid.ubulk" 332
"../../../Engine/Plugins/Animation/ControlRig/Content/Controls/ControlRig_HalfCircle_solid.uasset" 333
"../../../Engine/Plugins/Animation/ControlRig/Content/Controls/ControlRig_HalfCircle_solid.uexp" 334
"../../../Engine/Plugins/Animation/ControlRig/Content/Controls/ControlRig_HalfCircle_3mm.ubulk" 335
"../../../Engine/Plugins/Animation/ControlRig/Content/Controls/ControlRig_HalfCircle_3mm.uasset" 336
"../../../Engine/Plugins/Animation/ControlRig/Content/Controls/ControlRig_HalfCircle_3mm.uexp" 337
"../../../Engine/Plugins/Animation/ControlRig/Content/Controls/ControlRig_HalfCircle_1mm.ubulk" 338
"../../../Engine/Plugins/Animation/ControlRig/Content/Controls/ControlRig_HalfCircle_1mm.uasset" 339
"../../../Engine/Plugins/Animation/ControlRig/Content/Controls/ControlRig_HalfCircle_1mm.uexp" 340
"../../../Engine/Plugins/Animation/ControlRig/Content/Controls/ControlRig_Diamond_solid.ubulk" 341
"../../../Engine/Plugins/Animation/ControlRig/Content/Controls/ControlRig_Diamond_solid.uasset" 342
"../../../Engine/Plugins/Animation/ControlRig/Content/Controls/ControlRig_Diamond_solid.uexp" 343
"../../../Engine/Plugins/Animation/ControlRig/Content/Controls/ControlRig_Diamond_3mm.ubulk" 344
"../../../Engine/Plugins/Animation/ControlRig/Content/Controls/ControlRig_Diamond_3mm.uasset" 345
"../../../Engine/Plugins/Animation/ControlRig/Content/Controls/ControlRig_Diamond_3mm.uexp" 346
"../../../Engine/Plugins/Animation/ControlRig/Content/Controls/ControlRig_Diamond_1mm.ubulk" 347
"../../../Engine/Plugins/Animation/ControlRig/Content/Controls/ControlRig_Diamond_1mm.uasset" 348
"../../../Engine/Plugins/Animation/ControlRig/Content/Controls/ControlRig_Diamond_1mm.uexp" 349
"../../../Engine/Plugins/Animation/ControlRig/Content/Controls/ControlRig_Circle_solid.ubulk" 350
"../../../Engine/Plugins/Animation/ControlRig/Content/Controls/ControlRig_Circle_solid.uasset" 351
"../../../Engine/Plugins/Animation/ControlRig/Content/Controls/ControlRig_Circle_solid.uexp" 352
"../../../Engine/Plugins/Animation/ControlRig/Content/Controls/ControlRig_Circle_3mm.ubulk" 353
"../../../Engine/Plugins/Animation/ControlRig/Content/Controls/ControlRig_Circle_3mm.uasset" 354
"../../../Engine/Plugins/Animation/ControlRig/Content/Controls/ControlRig_Circle_3mm.uexp" 355
"../../../Engine/Plugins/Animation/ControlRig/Content/Controls/ControlRig_Circle_1mm.ubulk" 356
"../../../Engine/Plugins/Animation/ControlRig/Content/Controls/ControlRig_Circle_1mm.uasset" 357
"../../../Engine/Plugins/Animation/ControlRig/Content/Controls/ControlRig_Circle_1mm.uexp" 358
"../../../Engine/Plugins/Animation/ControlRig/Content/Controls/ControlRig_Box_solid.ubulk" 359
"../../../Engine/Plugins/Animation/ControlRig/Content/Controls/ControlRig_Box_solid.uasset" 360
"../../../Engine/Plugins/Animation/ControlRig/Content/Controls/ControlRig_Box_solid.uexp" 361
"../../../Engine/Plugins/Animation/ControlRig/Content/Controls/ControlRig_Box_3mm.ubulk" 362
"../../../Engine/Plugins/Animation/ControlRig/Content/Controls/ControlRig_Box_3mm.uasset" 363
"../../../Engine/Plugins/Animation/ControlRig/Content/Controls/ControlRig_Box_3mm.uexp" 364
"../../../Engine/Plugins/Animation/ControlRig/Content/Controls/ControlRig_Box_1mm.ubulk" 365
"../../../Engine/Plugins/Animation/ControlRig/Content/Controls/ControlRig_Box_1mm.uasset" 366
"../../../Engine/Plugins/Animation/ControlRig/Content/Controls/ControlRig_Box_1mm.uexp" 367
"../../../Engine/Plugins/Animation/ControlRig/Content/Controls/ControlRig_Arrow_solid.ubulk" 368
"../../../Engine/Plugins/Animation/ControlRig/Content/Controls/ControlRig_Arrow_solid.uasset" 369
"../../../Engine/Plugins/Animation/ControlRig/Content/Controls/ControlRig_Arrow_solid.uexp" 370
"../../../Engine/Plugins/Animation/ControlRig/Content/Controls/ControlRig_Arrow_3mm.ubulk" 371
"../../../Engine/Plugins/Animation/ControlRig/Content/Controls/ControlRig_Arrow_3mm.uasset" 372
"../../../Engine/Plugins/Animation/ControlRig/Content/Controls/ControlRig_Arrow_3mm.uexp" 373
"../../../Engine/Plugins/Animation/ControlRig/Content/Controls/ControlRig_Arrow_1mm.ubulk" 374
"../../../Engine/Plugins/Animation/ControlRig/Content/Controls/ControlRig_Arrow_1mm.uasset" 375
"../../../Engine/Plugins/Animation/ControlRig/Content/Controls/ControlRig_Arrow_1mm.uexp" 376
"../../../Engine/Plugins/Animation/ControlRig/Content/Controls/ControlRig_Arrow4_solid.ubulk" 377
"../../../Engine/Plugins/Animation/ControlRig/Content/Controls/ControlRig_Arrow4_solid.uasset" 378
"../../../Engine/Plugins/Animation/ControlRig/Content/Controls/ControlRig_Arrow4_solid.uexp" 379
"../../../Engine/Plugins/Animation/ControlRig/Content/Controls/ControlRig_Arrow4_3mm.ubulk" 380
"../../../Engine/Plugins/Animation/ControlRig/Content/Controls/ControlRig_Arrow4_3mm.uasset" 381
"../../../Engine/Plugins/Animation/ControlRig/Content/Controls/ControlRig_Arrow4_3mm.uexp" 382
"../../../Engine/Plugins/Animation/ControlRig/Content/Controls/ControlRig_Arrow4_1mm.ubulk" 383
"../../../Engine/Plugins/Animation/ControlRig/Content/Controls/ControlRig_Arrow4_1mm.uasset" 384
"../../../Engine/Plugins/Animation/ControlRig/Content/Controls/ControlRig_Arrow4_1mm.uexp" 385
"../../../Engine/Plugins/Animation/ControlRig/Content/Controls/ControlRig_Arrow2_solid.ubulk" 386
"../../../Engine/Plugins/Animation/ControlRig/Content/Controls/ControlRig_Arrow2_solid.uasset" 387
"../../../Engine/Plugins/Animation/ControlRig/Content/Controls/ControlRig_Arrow2_solid.uexp" 388
"../../../Engine/Plugins/Animation/ControlRig/Content/Controls/ControlRig_Arrow2_3mm.ubulk" 389
"../../../Engine/Plugins/Animation/ControlRig/Content/Controls/ControlRig_Arrow2_3mm.uasset" 390
"../../../Engine/Plugins/Animation/ControlRig/Content/Controls/ControlRig_Arrow2_3mm.uexp" 391
"../../../Engine/Plugins/Animation/ControlRig/Content/Controls/ControlRig_Arrow2_1mm.ubulk" 392
"../../../Engine/Plugins/Animation/ControlRig/Content/Controls/ControlRig_Arrow2_1mm.uasset" 393
"../../../Engine/Plugins/Animation/ControlRig/Content/Controls/ControlRig_Arrow2_1mm.uexp" 394
"../../../Engine/Plugins/Animation/ControlRig/Content/Controls/ControlRigXRayMaterial.uasset" 395
"../../../Engine/Plugins/Animation/ControlRig/Content/Controls/ControlRigXRayMaterial.uexp" 396
"../../../Engine/Plugins/Animation/ControlRig/Content/Controls/ControlRigGizmoMaterial.uasset" 397
"../../../Engine/Plugins/Animation/ControlRig/Content/Controls/ControlRigGizmoMaterial.uexp" 398
"../../../Engine/Content/EngineMaterials/WeightMapPlaceholderTexture.uasset" 399
"../../../Engine/Content/EngineMaterials/WeightMapPlaceholderTexture.uexp" 400
"../../../Engine/Content/EngineMaterials/WeightMapArrayPlaceholderTexture.uasset" 401
"../../../Engine/Content/EngineMaterials/WeightMapArrayPlaceholderTexture.uexp" 402
"../../../Engine/Content/EngineMaterials/RemoveSurfaceMaterial.uasset" 403
"../../../Engine/Content/EngineMaterials/RemoveSurfaceMaterial.uexp" 404
"../../../Engine/Content/EngineMaterials/PreintegratedSkinBRDF.uasset" 405
"../../../Engine/Content/EngineMaterials/PreintegratedSkinBRDF.uexp" 406
"../../../Engine/Content/EngineMaterials/DefaultCalibrationGrayscale.uasset" 407
"../../../Engine/Content/EngineMaterials/DefaultCalibrationGrayscale.uexp" 408
"../../../Engine/Content/EngineMaterials/PPM_DefaultCalibrationGrayscale.uasset" 409
"../../../Engine/Content/EngineMaterials/PPM_DefaultCalibrationGrayscale.uexp" 410
"../../../Engine/Content/EngineMaterials/DefaultCalibrationColor.uasset" 411
"../../../Engine/Content/EngineMaterials/DefaultCalibrationColor.uexp" 412
"../../../Engine/Content/EngineMaterials/PPM_DefaultCalibrationColor.uasset" 413
"../../../Engine/Content/EngineMaterials/PPM_DefaultCalibrationColor.uexp" 414
"../../../Engine/Content/EngineMaterials/PhAT_JointLimitMaterial.uasset" 415
"../../../Engine/Content/EngineMaterials/PhAT_JointLimitMaterial.uexp" 416
"../../../Engine/Content/EngineMaterials/NaniteHiddenSectionMaterial.uasset" 417
"../../../Engine/Content/EngineMaterials/NaniteHiddenSectionMaterial.uexp" 418
"../../../Engine/Content/EngineMaterials/InvalidLightmapSettings.ubulk" 419
"../../../Engine/Content/EngineMaterials/InvalidLightmapSettings.uasset" 420
"../../../Engine/Content/EngineMaterials/InvalidLightmapSettings.uexp" 421
"../../../Engine/Content/EngineMaterials/M_InvalidLightmapSettings.uasset" 422
"../../../Engine/Content/EngineMaterials/M_InvalidLightmapSettings.uexp" 423
"../../../Engine/Content/EngineMaterials/MiniFont.uasset" 424
"../../../Engine/Content/EngineMaterials/MiniFont.uexp" 425
"../../../Engine/Content/EngineMaterials/GizmoMaterial.uasset" 426
"../../../Engine/Content/EngineMaterials/GizmoMaterial.uexp" 427
"../../../Engine/Content/EngineMaterials/BaseFlattenDiffuseMap_VT.ubulk" 428
"../../../Engine/Content/EngineMaterials/BaseFlattenDiffuseMap_VT.uasset" 429
"../../../Engine/Content/EngineMaterials/BaseFlattenDiffuseMap_VT.uexp" 430
"../../../Engine/Content/EngineMaterials/BaseFlattenEmissiveMap_VT.ubulk" 431
"../../../Engine/Content/EngineMaterials/BaseFlattenEmissiveMap_VT.uasset" 432
"../../../Engine/Content/EngineMaterials/BaseFlattenEmissiveMap_VT.uexp" 433
"../../../Engine/Content/EngineMaterials/BaseFlattenGrayscaleMap_VT.ubulk" 434
"../../../Engine/Content/EngineMaterials/BaseFlattenGrayscaleMap_VT.uasset" 435
"../../../Engine/Content/EngineMaterials/BaseFlattenGrayscaleMap_VT.uexp" 436
"../../../Engine/Content/EngineMaterials/BaseFlattenLinearColor_VT.ubulk" 437
"../../../Engine/Content/EngineMaterials/BaseFlattenLinearColor_VT.uasset" 438
"../../../Engine/Content/EngineMaterials/BaseFlattenLinearColor_VT.uexp" 439
"../../../Engine/Content/EngineMaterials/BaseFlattenNormalMap_VT.ubulk" 440
"../../../Engine/Content/EngineMaterials/BaseFlattenNormalMap_VT.uasset" 441
"../../../Engine/Content/EngineMaterials/BaseFlattenNormalMap_VT.uexp" 442
"../../../Engine/Content/EngineMaterials/Black_1x1_EXR_Texture_VT.ubulk" 443
"../../../Engine/Content/EngineMaterials/Black_1x1_EXR_Texture_VT.uasset" 444
"../../../Engine/Content/EngineMaterials/Black_1x1_EXR_Texture_VT.uexp" 445
"../../../Engine/Content/EngineMaterials/FlattenMaterial_WS_Normal_VT.uasset" 446
"../../../Engine/Content/EngineMaterials/FlattenMaterial_WS_Normal_VT.uexp" 447
"../../../Engine/Content/EngineMaterials/FlattenMaterial_VT.uasset" 448
"../../../Engine/Content/EngineMaterials/FlattenMaterial_VT.uexp" 449
"../../../Engine/Content/EngineMaterials/BaseFlattenLinearColor.uasset" 450
"../../../Engine/Content/EngineMaterials/BaseFlattenLinearColor.uexp" 451
"../../../Engine/Content/EngineMaterials/BaseFlattenNormalMap.uasset" 452
"../../../Engine/Content/EngineMaterials/BaseFlattenNormalMap.uexp" 453
"../../../Engine/Content/EngineMaterials/BaseFlattenDiffuseMap.uasset" 454
"../../../Engine/Content/EngineMaterials/BaseFlattenDiffuseMap.uexp" 455
"../../../Engine/Content/EngineMaterials/BaseFlattenEmissiveMap.uasset" 456
"../../../Engine/Content/EngineMaterials/BaseFlattenEmissiveMap.uexp" 457
"../../../Engine/Content/EngineMaterials/BaseFlattenGrayscaleMap.uasset" 458
"../../../Engine/Content/EngineMaterials/BaseFlattenGrayscaleMap.uexp" 459
"../../../Engine/Content/Functions/Engine_MaterialFunctions02/PivotPainter2/Black_1x1_EXR_Texture.uasset" 460
"../../../Engine/Content/Functions/Engine_MaterialFunctions02/PivotPainter2/Black_1x1_EXR_Texture.uexp" 461
"../../../Engine/Content/EngineMaterials/FlattenMaterial.uasset" 462
"../../../Engine/Content/EngineMaterials/FlattenMaterial.uexp" 463
"../../../Engine/Content/EngineMaterials/FastBlueNoise_vec2_128x128x64.uasset" 464
"../../../Engine/Content/EngineMaterials/FastBlueNoise_vec2_128x128x64.uexp" 465
"../../../Engine/Content/EngineMaterials/FastBlueNoise_scalar_128x128x8.uasset" 466
"../../../Engine/Content/EngineMaterials/FastBlueNoise_scalar_128x128x8.uexp" 467
"../../../Engine/Content/EngineMaterials/FastBlueNoise_scalar_128x128x64.uasset" 468
"../../../Engine/Content/EngineMaterials/FastBlueNoise_scalar_128x128x64.uexp" 469
"../../../Engine/Content/EngineMaterials/DefaultWhiteGrid_Low.uasset" 470
"../../../Engine/Content/EngineMaterials/DefaultWhiteGrid_Low.uexp" 471
"../../../Engine/Content/EngineMaterials/EmissiveMeshMaterial.uasset" 472
"../../../Engine/Content/EngineMaterials/EmissiveMeshMaterial.uexp" 473
"../../../Engine/Content/EngineMaterials/DefaultWhiteGrid.ubulk" 474
"../../../Engine/Content/EngineMaterials/DefaultWhiteGrid.uasset" 475
"../../../Engine/Content/EngineMaterials/DefaultWhiteGrid.uexp" 476
"../../../Engine/Content/EngineFonts/RobotoDistanceField.uasset" 477
"../../../Engine/Content/EngineFonts/RobotoDistanceField.uexp" 478
"../../../Engine/Content/EngineMaterials/DefaultTextMaterialOpaque.uasset" 479
"../../../Engine/Content/EngineMaterials/DefaultTextMaterialOpaque.uexp" 480
"../../../Engine/Content/EngineMaterials/DefaultPostProcessMaterial.uasset" 481
"../../../Engine/Content/EngineMaterials/DefaultPostProcessMaterial.uexp" 482
"../../../Engine/Content/EngineMaterials/DefaultLightFunctionMaterial.uasset" 483
"../../../Engine/Content/EngineMaterials/DefaultLightFunctionMaterial.uexp" 484
"../../../Engine/Content/EngineMaterials/DefaultDeferredDecalMaterial.uasset" 485
"../../../Engine/Content/EngineMaterials/DefaultDeferredDecalMaterial.uexp" 486
"../../../Engine/Content/EngineMaterials/DefaultBokeh.uasset" 487
"../../../Engine/Content/EngineMaterials/DefaultBokeh.uexp" 488
"../../../Engine/Content/EngineMaterials/DefaultBloomKernel.uasset" 489
"../../../Engine/Content/EngineMaterials/DefaultBloomKernel.uexp" 490
"../../../Engine/Content/Functions/Engine_MaterialFunctions02/Utility/CameraDirectionVector.uasset" 491
"../../../Engine/Content/Functions/Engine_MaterialFunctions02/Utility/CameraDirectionVector.uexp" 492
"../../../Engine/Content/EngineDebugMaterials/VolumeToRender.uasset" 493
"../../../Engine/Content/EngineDebugMaterials/VolumeToRender.uexp" 494
"../../../Engine/Content/EngineDebugMaterials/M_VolumeRenderSphereTracePP.uasset" 495
"../../../Engine/Content/EngineDebugMaterials/M_VolumeRenderSphereTracePP.uexp" 496
"../../../Engine/Content/EngineDebugMaterials/M_SimpleUnlitTranslucent.uasset" 497
"../../../Engine/Content/EngineDebugMaterials/M_SimpleUnlitTranslucent.uexp" 498
"../../../Engine/Content/EngineDebugMaterials/DebugMeshMaterial.uasset" 499
"../../../Engine/Content/EngineDebugMaterials/DebugMeshMaterial.uexp" 500
"../../../Engine/Content/EngineDebugMaterials/DebugEditorMaterial.uasset" 501
"../../../Engine/Content/EngineDebugMaterials/DebugEditorMaterial.uexp" 502
"../../../Engine/Content/EngineDamageTypes/DmgTypeBP_Environmental.uasset" 503
"../../../Engine/Content/EngineDamageTypes/DmgTypeBP_Environmental.uexp" 504
"../../../Engine/Plugins/VirtualProduction/CameraCalibrationCore/Content/Materials/M_DefaultOddSquare.uasset" 505
"../../../Engine/Plugins/VirtualProduction/CameraCalibrationCore/Content/Materials/M_DefaultOddSquare.uexp" 506
"../../../Engine/Plugins/VirtualProduction/CameraCalibrationCore/Content/Materials/M_DefaultEvenSquare.uasset" 507
"../../../Engine/Plugins/VirtualProduction/CameraCalibrationCore/Content/Materials/M_DefaultEvenSquare.uexp" 508
"../../../Engine/Plugins/Runtime/HairStrands/Content/Materials/HairMeshesDefaultMaterial.uasset" 509
"../../../Engine/Plugins/Runtime/HairStrands/Content/Materials/HairMeshesDefaultMaterial.uexp" 510
"../../../Engine/Plugins/Runtime/HairStrands/Content/Materials/HairDefaultMaterial.uasset" 511
"../../../Engine/Plugins/Runtime/HairStrands/Content/Materials/HairDefaultMaterial.uexp" 512
"../../../Engine/Content/Functions/Engine_MaterialFunctions02/Utility/MakeFloat2.uasset" 513
"../../../Engine/Content/Functions/Engine_MaterialFunctions02/Utility/MakeFloat2.uexp" 514
"../../../Engine/Plugins/Runtime/HairStrands/Content/Materials/HairGroupColors.uasset" 515
"../../../Engine/Plugins/Runtime/HairStrands/Content/Materials/HairGroupColors.uexp" 516
"../../../Engine/Content/Functions/Engine_MaterialFunctions02/Utility/MakeFloat3.uasset" 517
"../../../Engine/Content/Functions/Engine_MaterialFunctions02/Utility/MakeFloat3.uexp" 518
"../../../Engine/Content/EngineMaterials/HairDebugColor.uasset" 519
"../../../Engine/Content/EngineMaterials/HairDebugColor.uexp" 520
"../../../Engine/Content/EngineMaterials/HairColorMap.uasset" 521
"../../../Engine/Content/EngineMaterials/HairColorMap.uexp" 522
"../../../Engine/Plugins/Runtime/HairStrands/Content/Materials/HairDebugMaterial.uasset" 523
"../../../Engine/Plugins/Runtime/HairStrands/Content/Materials/HairDebugMaterial.uexp" 524
"../../../Engine/Plugins/Runtime/HairStrands/Content/Materials/HairCardsDefaultMaterial.uasset" 525
"../../../Engine/Plugins/Runtime/HairStrands/Content/Materials/HairCardsDefaultMaterial.uexp" 526
"../../../Engine/Plugins/Runtime/AudioWidgets/Content/Resources/ScrubHandleDown_Clamped.uasset" 527
"../../../Engine/Plugins/Runtime/AudioWidgets/Content/Resources/ScrubHandleDown_Clamped.uexp" 528
"../../../Engine/Plugins/Interchange/Assets/Content/Functions/MX_UsdPreviewSurface.uasset" 529
"../../../Engine/Plugins/Interchange/Assets/Content/Functions/MX_UsdPreviewSurface.uexp" 530
"../../../Engine/Plugins/Interchange/Assets/Content/Functions/MX_UniformEDF.uasset" 531
"../../../Engine/Plugins/Interchange/Assets/Content/Functions/MX_UniformEDF.uexp" 532
"../../../Engine/Plugins/Interchange/Assets/Content/Functions/MX_TranslucentBSDF.uasset" 533
"../../../Engine/Plugins/Interchange/Assets/Content/Functions/MX_TranslucentBSDF.uexp" 534
"../../../Engine/Plugins/Interchange/Assets/Content/Functions/MX_ThinFilmBSDF.uasset" 535
"../../../Engine/Plugins/Interchange/Assets/Content/Functions/MX_ThinFilmBSDF.uexp" 536
"../../../Engine/Plugins/Interchange/Assets/Content/Functions/MX_SurfaceUnlit.uasset" 537
"../../../Engine/Plugins/Interchange/Assets/Content/Functions/MX_SurfaceUnlit.uexp" 538
"../../../Engine/Plugins/Interchange/Assets/Content/Functions/MX_Surface.uasset" 539
"../../../Engine/Plugins/Interchange/Assets/Content/Functions/MX_Surface.uexp" 540
"../../../Engine/Plugins/Interchange/Assets/Content/Functions/MX_SubsurfaceBSDF.uasset" 541
"../../../Engine/Plugins/Interchange/Assets/Content/Functions/MX_SubsurfaceBSDF.uexp" 542
"../../../Engine/Plugins/Interchange/Assets/Content/Functions/MX_SheenBSDF.uasset" 543
"../../../Engine/Plugins/Interchange/Assets/Content/Functions/MX_SheenBSDF.uexp" 544
"../../../Engine/Plugins/Interchange/Assets/Content/Functions/MX_OrenNayarBSDF.uasset" 545
"../../../Engine/Plugins/Interchange/Assets/Content/Functions/MX_OrenNayarBSDF.uexp" 546
"../../../Engine/Plugins/Interchange/Assets/Content/Functions/MF_IridescenceNoLUT.uasset" 547
"../../../Engine/Plugins/Interchange/Assets/Content/Functions/MF_IridescenceNoLUT.uexp" 548
"../../../Engine/Plugins/Interchange/Assets/Content/Functions/MX_StandardSurface.uasset" 549
"../../../Engine/Plugins/Interchange/Assets/Content/Functions/MX_StandardSurface.uexp" 550
"../../../Engine/Plugins/Interchange/Assets/Content/Functions/MX_TransmissionSurface.uasset" 551
"../../../Engine/Plugins/Interchange/Assets/Content/Functions/MX_TransmissionSurface.uexp" 552
"../../../Engine/Plugins/Interchange/Assets/Content/Functions/MX_OpenPBR_Translucent.uasset" 553
"../../../Engine/Plugins/Interchange/Assets/Content/Functions/MX_OpenPBR_Translucent.uexp" 554
"../../../Engine/Plugins/Interchange/Assets/Content/Functions/MX_OpenPBR_Opaque.uasset" 555
"../../../Engine/Plugins/Interchange/Assets/Content/Functions/MX_OpenPBR_Opaque.uexp" 556
"../../../Engine/Plugins/Interchange/Assets/Content/Functions/MX_MeasuredEDF.uasset" 557
"../../../Engine/Plugins/Interchange/Assets/Content/Functions/MX_MeasuredEDF.uexp" 558
"../../../Engine/Plugins/Interchange/Assets/Content/Functions/MX_GeneralizedSchlickBSDF.uasset" 559
"../../../Engine/Plugins/Interchange/Assets/Content/Functions/MX_GeneralizedSchlickBSDF.uexp" 560
"../../../Engine/Plugins/Interchange/Assets/Content/Functions/MX_Displacement.uasset" 561
"../../../Engine/Plugins/Interchange/Assets/Content/Functions/MX_Displacement.uexp" 562
"../../../Engine/Plugins/Interchange/Assets/Content/Functions/MX_DielectricBSDF.uasset" 563
"../../../Engine/Plugins/Interchange/Assets/Content/Functions/MX_DielectricBSDF.uexp" 564
"../../../Engine/Plugins/Interchange/Assets/Content/Functions/MX_ConicalEDF.uasset" 565
"../../../Engine/Plugins/Interchange/Assets/Content/Functions/MX_ConicalEDF.uexp" 566
"../../../Engine/Plugins/Interchange/Assets/Content/Functions/MX_ConductorBSDF.uasset" 567
"../../../Engine/Plugins/Interchange/Assets/Content/Functions/MX_ConductorBSDF.uexp" 568
"../../../Engine/Plugins/Interchange/Assets/Content/Functions/MX_BurleyDiffuseBSDF.uasset" 569
"../../../Engine/Plugins/Interchange/Assets/Content/Functions/MX_BurleyDiffuseBSDF.uexp" 570
"../../../Engine/Plugins/Interchange/Assets/Content/Functions/MX_AnisotropicVDF.uasset" 571
"../../../Engine/Plugins/Interchange/Assets/Content/Functions/MX_AnisotropicVDF.uexp" 572
"../../../Engine/Plugins/Interchange/Assets/Content/Functions/MX_AbsorptionVDF.uasset" 573
"../../../Engine/Plugins/Interchange/Assets/Content/Functions/MX_AbsorptionVDF.uexp" 574
"../../../Engine/Content/EngineMaterials/LTC/Sheen_LTC.uasset" 575
"../../../Engine/Content/EngineMaterials/LTC/Sheen_LTC.uexp" 576
"../../../Engine/Content/EngineMaterials/LTC/GGX_LTCMat.uasset" 577
"../../../Engine/Content/EngineMaterials/LTC/GGX_LTCMat.uexp" 578
"../../../Engine/Content/EngineMaterials/LTC/GGX_LTCAmp.uasset" 579
"../../../Engine/Content/EngineMaterials/LTC/GGX_LTCAmp.uexp" 580
"../../../Engine/Content/EngineMaterials/EnergyConservation/Sheen_Energy.uasset" 581
"../../../Engine/Content/EngineMaterials/EnergyConservation/Sheen_Energy.uexp" 582
"../../../Engine/Content/EngineMaterials/EnergyConservation/SheenLegacy_Energy.uasset" 583
"../../../Engine/Content/EngineMaterials/EnergyConservation/SheenLegacy_Energy.uexp" 584
"../../../Engine/Content/EngineMaterials/EnergyConservation/GGX_TransmissionEnergyArray.uasset" 585
"../../../Engine/Content/EngineMaterials/EnergyConservation/GGX_TransmissionEnergyArray.uexp" 586
"../../../Engine/Content/EngineMaterials/EnergyConservation/GGX_ReflectionEnergy.uasset" 587
"../../../Engine/Content/EngineMaterials/EnergyConservation/GGX_ReflectionEnergy.uexp" 588
"../../../Engine/Content/EngineMaterials/EnergyConservation/Diffuse_Energy.uasset" 589
"../../../Engine/Content/EngineMaterials/EnergyConservation/Diffuse_Energy.uexp" 590
"../../../Engine/Content/EditorResources/SequenceRecorder/RecordingIndicator.uasset" 591
"../../../Engine/Content/EditorResources/SequenceRecorder/RecordingIndicator.uexp" 592
"../../../Engine/Content/EditorResources/SequenceRecorder/Countdown.uasset" 593
"../../../Engine/Content/EditorResources/SequenceRecorder/Countdown.uexp" 594
"../../../Engine/Content/EditorMaterials/Camera/CineMat.uasset" 595
"../../../Engine/Content/EditorMaterials/Camera/CineMat.uexp" 596
"../../../Engine/Content/EditorMaterials/Camera/MI_CineMat_Rig.uasset" 597
"../../../Engine/Content/EditorMaterials/Camera/MI_CineMat_Rig.uexp" 598
"../../../Engine/Content/EditorMeshes/Camera/SM_RailRig_Track.ubulk" 599
"../../../Engine/Content/EditorMeshes/Camera/SM_RailRig_Track.uasset" 600
"../../../Engine/Content/EditorMeshes/Camera/SM_RailRig_Track.uexp" 601
"../../../Engine/Content/EditorMeshes/Camera/SM_RailRig_Mount.ubulk" 602
"../../../Engine/Content/EditorMeshes/Camera/SM_RailRig_Mount.uasset" 603
"../../../Engine/Content/EditorMeshes/Camera/SM_RailRig_Mount.uexp" 604
"../../../Engine/Content/EditorMeshes/Camera/SM_CraneRig_Mount.ubulk" 605
"../../../Engine/Content/EditorMeshes/Camera/SM_CraneRig_Mount.uasset" 606
"../../../Engine/Content/EditorMeshes/Camera/SM_CraneRig_Mount.uexp" 607
"../../../Engine/Content/EditorMeshes/Camera/SM_CraneRig_Body.ubulk" 608
"../../../Engine/Content/EditorMeshes/Camera/SM_CraneRig_Body.uasset" 609
"../../../Engine/Content/EditorMeshes/Camera/SM_CraneRig_Body.uexp" 610
"../../../Engine/Content/EditorMeshes/Camera/SM_CraneRig_Base.ubulk" 611
"../../../Engine/Content/EditorMeshes/Camera/SM_CraneRig_Base.uasset" 612
"../../../Engine/Content/EditorMeshes/Camera/SM_CraneRig_Base.uexp" 613
"../../../Engine/Content/EditorMeshes/Camera/SM_CraneRig_Arm.ubulk" 614
"../../../Engine/Content/EditorMeshes/Camera/SM_CraneRig_Arm.uasset" 615
"../../../Engine/Content/EditorMeshes/Camera/SM_CraneRig_Arm.uexp" 616
"../../../Engine/Content/EditorMaterials/ParticleSystems/PSysThumbnail_OOD.ubulk" 617
"../../../Engine/Content/EditorMaterials/ParticleSystems/PSysThumbnail_OOD.uasset" 618
"../../../Engine/Content/EditorMaterials/ParticleSystems/PSysThumbnail_OOD.uexp" 619
"../../../Engine/Content/EditorMaterials/ParticleSystems/PSysThumbnail_NoImage.ubulk" 620
"../../../Engine/Content/EditorMaterials/ParticleSystems/PSysThumbnail_NoImage.uasset" 621
"../../../Engine/Content/EditorMaterials/ParticleSystems/PSysThumbnail_NoImage.uexp" 622
"../../../Engine/Content/EditorMaterials/Dataflow/DataflowVertexMaterial.uasset" 623
"../../../Engine/Content/EditorMaterials/Dataflow/DataflowVertexMaterial.uexp" 624
"../../../Engine/Content/EditorMaterials/Dataflow/DataflowTwoSidedVertexMaterial.uasset" 625
"../../../Engine/Content/EditorMaterials/Dataflow/DataflowTwoSidedVertexMaterial.uexp" 626
"../../../Engine/Content/VREditor/TransformGizmo/Xray.uasset" 627
"../../../Engine/Content/VREditor/TransformGizmo/Xray.uexp" 628
"../../../Engine/Content/VREditor/TransformGizmo/Main.uasset" 629
"../../../Engine/Content/VREditor/TransformGizmo/Main.uexp" 630
"../../../Engine/Content/VREditor/TransformGizmo/SM_Sequencer_Node.ubulk" 631
"../../../Engine/Content/VREditor/TransformGizmo/SM_Sequencer_Node.uasset" 632
"../../../Engine/Content/VREditor/TransformGizmo/SM_Sequencer_Node.uexp" 633
"../../../Engine/Content/VREditor/TransformGizmo/TranslucentTransformGizmoMaterial.uasset" 634
"../../../Engine/Content/VREditor/TransformGizmo/TranslucentTransformGizmoMaterial.uexp" 635
"../../../Engine/Content/VREditor/LaserPointer/VR_LaserPower_01.ubulk" 636
"../../../Engine/Content/VREditor/LaserPointer/VR_LaserPower_01.uasset" 637
"../../../Engine/Content/VREditor/LaserPointer/VR_LaserPower_01.uexp" 638
"../../../Engine/Content/VREditor/TransformGizmo/TransformGizmoMaterial.uasset" 639
"../../../Engine/Content/VREditor/TransformGizmo/TransformGizmoMaterial.uexp" 640
"../../../Engine/Content/VREditor/TransformGizmo/BoundingBoxEdge.ubulk" 641
"../../../Engine/Content/VREditor/TransformGizmo/BoundingBoxEdge.uasset" 642
"../../../Engine/Content/VREditor/TransformGizmo/BoundingBoxEdge.uexp" 643
"../../../Engine/Content/VREditor/TransformGizmo/BoundingBoxCorner.ubulk" 644
"../../../Engine/Content/VREditor/TransformGizmo/BoundingBoxCorner.uasset" 645
"../../../Engine/Content/VREditor/TransformGizmo/BoundingBoxCorner.uexp" 646
"../../../Engine/Content/EngineResources/FilmGrains/Marcie_Grain_v3_128_M2_000.uasset" 647
"../../../Engine/Content/EngineResources/FilmGrains/Marcie_Grain_v3_128_M2_000.uexp" 648
"../../../Engine/Content/EngineResources/Development/ZenLogo_64.uasset" 649
"../../../Engine/Content/EngineResources/Development/ZenLogo_64.uexp" 650
"../../../Engine/Content/Functions/Engine_MaterialFunctions01/Shading/PowerToRoughness.uasset" 651
"../../../Engine/Content/Functions/Engine_MaterialFunctions01/Shading/PowerToRoughness.uexp" 652
"../../../Engine/Content/Functions/Engine_MaterialFunctions01/Shading/ConvertFromDiffSpec.uasset" 653
"../../../Engine/Content/Functions/Engine_MaterialFunctions01/Shading/ConvertFromDiffSpec.uexp" 654
"../../../Engine/Content/EngineResources/DefaultTextureCube.uasset" 655
"../../../Engine/Content/EngineResources/DefaultTextureCube.uexp" 656
"../../../Engine/Content/EngineMaterials/Substrate/Glints2/AGlintTex2dArray2.uasset" 657
"../../../Engine/Content/EngineMaterials/Substrate/Glints2/AGlintTex2dArray2.uexp" 658
"../../../Engine/Content/EngineMaterials/Substrate/GLints/AGlintTex2dArray.uasset" 659
"../../../Engine/Content/EngineMaterials/Substrate/GLints/AGlintTex2dArray.uexp" 660
"../../../Engine/Content/ArtTools/RenderToTexture/Meshes/S_1_Unit_Plane.ubulk" 661
"../../../Engine/Content/ArtTools/RenderToTexture/Meshes/S_1_Unit_Plane.uasset" 662
"../../../Engine/Content/ArtTools/RenderToTexture/Meshes/S_1_Unit_Plane.uexp" 663
"../../../Engine/Content/EngineMaterials/Substrate/Volume/SubstrateSimpleVolumeEnvLUT3D.uasset" 664
"../../../Engine/Content/EngineMaterials/Substrate/Volume/SubstrateSimpleVolumeEnvLUT3D.uexp" 665
"../../../Engine/Content/EngineMaterials/Substrate/Volume/SubstrateSimpleVolumeLUT3D.uasset" 666
"../../../Engine/Content/EngineMaterials/Substrate/Volume/SubstrateSimpleVolumeLUT3D.uexp" 667
"../../../Engine/Plugins/Interchange/Assets/Content/Utilities/New_LUT.uasset" 668
"../../../Engine/Plugins/Interchange/Assets/Content/Utilities/New_LUT.uexp" 669
"../../../Engine/Content/Functions/Engine_MaterialFunctions03/Math/RemapValueRange.uasset" 670
"../../../Engine/Content/Functions/Engine_MaterialFunctions03/Math/RemapValueRange.uexp" 671
"../../../Engine/Plugins/Interchange/Assets/Content/Functions/MF_Iridescence.uasset" 672
"../../../Engine/Plugins/Interchange/Assets/Content/Functions/MF_Iridescence.uexp" 673
"../../../Engine/Plugins/Interchange/Assets/Content/gltf/Textures/T_White_srgb.uasset" 674
"../../../Engine/Plugins/Interchange/Assets/Content/gltf/Textures/T_White_srgb.uexp" 675
"../../../Engine/Plugins/Interchange/Assets/Content/gltf/MaterialFunctions/MF_BaseColor.uasset" 676
"../../../Engine/Plugins/Interchange/Assets/Content/gltf/MaterialFunctions/MF_BaseColor.uexp" 677
"../../../Engine/Plugins/Interchange/Assets/Content/gltf/MaterialFunctions/MF_RotateV2.uasset" 678
"../../../Engine/Plugins/Interchange/Assets/Content/gltf/MaterialFunctions/MF_RotateV2.uexp" 679
"../../../Engine/Plugins/Interchange/Assets/Content/gltf/MaterialFunctions/MF_TransformUVs.uasset" 680
"../../../Engine/Plugins/Interchange/Assets/Content/gltf/MaterialFunctions/MF_TransformUVs.uexp" 681
"../../../Engine/Content/Functions/Engine_MaterialFunctions02/Math/Transform3x3Matrix.uasset" 682
"../../../Engine/Content/Functions/Engine_MaterialFunctions02/Math/Transform3x3Matrix.uexp" 683
"../../../Engine/Plugins/Interchange/Assets/Content/gltf/MaterialFunctions/MF_IOR.uasset" 684
"../../../Engine/Plugins/Interchange/Assets/Content/gltf/MaterialFunctions/MF_IOR.uexp" 685
"../../../Engine/Plugins/Interchange/Assets/Content/gltf/MaterialFunctions/MF_Iridescence.uasset" 686
"../../../Engine/Plugins/Interchange/Assets/Content/gltf/MaterialFunctions/MF_Iridescence.uexp" 687
"../../../Engine/Plugins/Interchange/Assets/Content/gltf/Textures/T_White_Linear.uasset" 688
"../../../Engine/Plugins/Interchange/Assets/Content/gltf/Textures/T_White_Linear.uexp" 689
"../../../Engine/Plugins/Interchange/Assets/Content/gltf/MaterialFunctions/MF_MetallicRoughness.uasset" 690
"../../../Engine/Plugins/Interchange/Assets/Content/gltf/MaterialFunctions/MF_MetallicRoughness.uexp" 691
"../../../Engine/Plugins/Interchange/Assets/Content/gltf/MaterialFunctions/MF_RotateNormals_TS.uasset" 692
"../../../Engine/Plugins/Interchange/Assets/Content/gltf/MaterialFunctions/MF_RotateNormals_TS.uexp" 693
"../../../Engine/Plugins/Interchange/Assets/Content/gltf/MaterialFunctions/MF_ScaleNormal.uasset" 694
"../../../Engine/Plugins/Interchange/Assets/Content/gltf/MaterialFunctions/MF_ScaleNormal.uexp" 695
"../../../Engine/Plugins/Interchange/Assets/Content/gltf/Textures/T_Generic_N.uasset" 696
"../../../Engine/Plugins/Interchange/Assets/Content/gltf/Textures/T_Generic_N.uexp" 697
"../../../Engine/Plugins/Interchange/Assets/Content/gltf/MaterialFunctions/MF_Normals.uasset" 698
"../../../Engine/Plugins/Interchange/Assets/Content/gltf/MaterialFunctions/MF_Normals.uexp" 699
"../../../Engine/Plugins/Interchange/Assets/Content/gltf/MaterialFunctions/MF_Occlusion.uasset" 700
"../../../Engine/Plugins/Interchange/Assets/Content/gltf/MaterialFunctions/MF_Occlusion.uexp" 701
"../../../Engine/Plugins/Interchange/Assets/Content/gltf/MaterialFunctions/MF_Specular.uasset" 702
"../../../Engine/Plugins/Interchange/Assets/Content/gltf/MaterialFunctions/MF_Specular.uexp" 703
"../../../Engine/Plugins/Interchange/Assets/Content/gltf/Textures/T_Anisotropy_Direction_Linear.uasset" 704
"../../../Engine/Plugins/Interchange/Assets/Content/gltf/Textures/T_Anisotropy_Direction_Linear.uexp" 705
"../../../Engine/Plugins/Interchange/Assets/Content/gltf/MaterialFunctions/MF_SpecularAnisotropy.uasset" 706
"../../../Engine/Plugins/Interchange/Assets/Content/gltf/MaterialFunctions/MF_SpecularAnisotropy.uexp" 707
"../../../Engine/Plugins/Interchange/Assets/Content/gltf/MaterialFunctions/MF_Emissive.uasset" 708
"../../../Engine/Plugins/Interchange/Assets/Content/gltf/MaterialFunctions/MF_Emissive.uexp" 709
"../../../Engine/Content/Functions/Engine_MaterialFunctions01/Texturing/FlattenNormal.uasset" 710
"../../../Engine/Content/Functions/Engine_MaterialFunctions01/Texturing/FlattenNormal.uexp" 711
"../../../Engine/Plugins/Interchange/Assets/Content/gltf/MaterialFunctions/MF_Clearcoat.uasset" 712
"../../../Engine/Plugins/Interchange/Assets/Content/gltf/MaterialFunctions/MF_Clearcoat.uexp" 713
"../../../Engine/Plugins/Interchange/Assets/Content/gltf/MaterialBodies/MF_ClearCoat_Body.uasset" 714
"../../../Engine/Plugins/Interchange/Assets/Content/gltf/MaterialBodies/MF_ClearCoat_Body.uexp" 715
"../../../Engine/Plugins/Interchange/Assets/Content/gltf/M_ClearCoat.uasset" 716
"../../../Engine/Plugins/Interchange/Assets/Content/gltf/M_ClearCoat.uexp" 717
"../../../Engine/Plugins/Interchange/Assets/Content/gltf/MaterialInstances/MI_ClearCoat_Blend.uasset" 718
"../../../Engine/Plugins/Interchange/Assets/Content/gltf/MaterialInstances/MI_ClearCoat_Blend.uexp" 719
"../../../Engine/Plugins/Interchange/Assets/Content/gltf/MaterialInstances/MI_ClearCoat_Blend_DS.uasset" 720
"../../../Engine/Plugins/Interchange/Assets/Content/gltf/MaterialInstances/MI_ClearCoat_Blend_DS.uexp" 721
"../../../Engine/Plugins/Interchange/Assets/Content/gltf/MaterialInstances/MI_ClearCoat_Mask.uasset" 722
"../../../Engine/Plugins/Interchange/Assets/Content/gltf/MaterialInstances/MI_ClearCoat_Mask.uexp" 723
"../../../Engine/Plugins/Interchange/Assets/Content/gltf/MaterialInstances/MI_ClearCoat_Mask_DS.uasset" 724
"../../../Engine/Plugins/Interchange/Assets/Content/gltf/MaterialInstances/MI_ClearCoat_Mask_DS.uexp" 725
"../../../Engine/Plugins/Interchange/Assets/Content/gltf/MaterialInstances/MI_ClearCoat_Opaque.uasset" 726
"../../../Engine/Plugins/Interchange/Assets/Content/gltf/MaterialInstances/MI_ClearCoat_Opaque.uexp" 727
"../../../Engine/Plugins/Interchange/Assets/Content/gltf/MaterialInstances/MI_ClearCoat_Opaque_DS.uasset" 728
"../../../Engine/Plugins/Interchange/Assets/Content/gltf/MaterialInstances/MI_ClearCoat_Opaque_DS.uexp" 729
"../../../Engine/Plugins/Interchange/Assets/Content/gltf/MaterialBodies/MF_Default_Body.uasset" 730
"../../../Engine/Plugins/Interchange/Assets/Content/gltf/MaterialBodies/MF_Default_Body.uexp" 731
"../../../Engine/Plugins/Interchange/Assets/Content/gltf/M_Default.uasset" 732
"../../../Engine/Plugins/Interchange/Assets/Content/gltf/M_Default.uexp" 733
"../../../Engine/Plugins/Interchange/Assets/Content/gltf/MaterialInstances/MI_Default_Blend.uasset" 734
"../../../Engine/Plugins/Interchange/Assets/Content/gltf/MaterialInstances/MI_Default_Blend.uexp" 735
"../../../Engine/Plugins/Interchange/Assets/Content/gltf/MaterialInstances/MI_Default_Blend_DS.uasset" 736
"../../../Engine/Plugins/Interchange/Assets/Content/gltf/MaterialInstances/MI_Default_Blend_DS.uexp" 737
"../../../Engine/Plugins/Interchange/Assets/Content/gltf/MaterialInstances/MI_Default_Mask.uasset" 738
"../../../Engine/Plugins/Interchange/Assets/Content/gltf/MaterialInstances/MI_Default_Mask.uexp" 739
"../../../Engine/Plugins/Interchange/Assets/Content/gltf/MaterialInstances/MI_Default_Mask_DS.uasset" 740
"../../../Engine/Plugins/Interchange/Assets/Content/gltf/MaterialInstances/MI_Default_Mask_DS.uexp" 741
"../../../Engine/Plugins/Interchange/Assets/Content/gltf/MaterialInstances/MI_Default_Opaque.uasset" 742
"../../../Engine/Plugins/Interchange/Assets/Content/gltf/MaterialInstances/MI_Default_Opaque.uexp" 743
"../../../Engine/Plugins/Interchange/Assets/Content/gltf/MaterialInstances/MI_Default_Opaque_DS.uasset" 744
"../../../Engine/Plugins/Interchange/Assets/Content/gltf/MaterialInstances/MI_Default_Opaque_DS.uexp" 745
"../../../Engine/Plugins/Interchange/Assets/Content/gltf/MaterialFunctions/MF_Sheen.uasset" 746
"../../../Engine/Plugins/Interchange/Assets/Content/gltf/MaterialFunctions/MF_Sheen.uexp" 747
"../../../Engine/Plugins/Interchange/Assets/Content/gltf/MaterialBodies/MF_Sheen_Body.uasset" 748
"../../../Engine/Plugins/Interchange/Assets/Content/gltf/MaterialBodies/MF_Sheen_Body.uexp" 749
"../../../Engine/Plugins/Interchange/Assets/Content/gltf/M_Sheen.uasset" 750
"../../../Engine/Plugins/Interchange/Assets/Content/gltf/M_Sheen.uexp" 751
"../../../Engine/Plugins/Interchange/Assets/Content/gltf/MaterialInstances/MI_Sheen_Blend.uasset" 752
"../../../Engine/Plugins/Interchange/Assets/Content/gltf/MaterialInstances/MI_Sheen_Blend.uexp" 753
"../../../Engine/Plugins/Interchange/Assets/Content/gltf/MaterialInstances/MI_Sheen_Blend_DS.uasset" 754
"../../../Engine/Plugins/Interchange/Assets/Content/gltf/MaterialInstances/MI_Sheen_Blend_DS.uexp" 755
"../../../Engine/Plugins/Interchange/Assets/Content/gltf/MaterialInstances/MI_Sheen_Mask.uasset" 756
"../../../Engine/Plugins/Interchange/Assets/Content/gltf/MaterialInstances/MI_Sheen_Mask.uexp" 757
"../../../Engine/Plugins/Interchange/Assets/Content/gltf/MaterialInstances/MI_Sheen_Mask_DS.uasset" 758
"../../../Engine/Plugins/Interchange/Assets/Content/gltf/MaterialInstances/MI_Sheen_Mask_DS.uexp" 759
"../../../Engine/Plugins/Interchange/Assets/Content/gltf/MaterialInstances/MI_Sheen_Opaque.uasset" 760
"../../../Engine/Plugins/Interchange/Assets/Content/gltf/MaterialInstances/MI_Sheen_Opaque.uexp" 761
"../../../Engine/Plugins/Interchange/Assets/Content/gltf/MaterialInstances/MI_Sheen_Opaque_DS.uasset" 762
"../../../Engine/Plugins/Interchange/Assets/Content/gltf/MaterialInstances/MI_Sheen_Opaque_DS.uexp" 763
"../../../Engine/Content/Functions/Engine_MaterialFunctions02/Math/AddComponents.uasset" 764
"../../../Engine/Content/Functions/Engine_MaterialFunctions02/Math/AddComponents.uexp" 765
"../../../Engine/Plugins/Interchange/Assets/Content/gltf/MaterialFunctions/MF_DiffuseSpecGloss.uasset" 766
"../../../Engine/Plugins/Interchange/Assets/Content/gltf/MaterialFunctions/MF_DiffuseSpecGloss.uexp" 767
"../../../Engine/Plugins/Interchange/Assets/Content/gltf/MaterialFunctions/MF_MaxComponentValue.uasset" 768
"../../../Engine/Plugins/Interchange/Assets/Content/gltf/MaterialFunctions/MF_MaxComponentValue.uexp" 769
"../../../Engine/Plugins/Interchange/Assets/Content/gltf/MaterialFunctions/MF_PerceivedBrightness.uasset" 770
"../../../Engine/Plugins/Interchange/Assets/Content/gltf/MaterialFunctions/MF_PerceivedBrightness.uexp" 771
"../../../Engine/Plugins/Interchange/Assets/Content/gltf/MaterialFunctions/MF_SpecGlossToMetalRoughness.uasset" 772
"../../../Engine/Plugins/Interchange/Assets/Content/gltf/MaterialFunctions/MF_SpecGlossToMetalRoughness.uexp" 773
"../../../Engine/Plugins/Interchange/Assets/Content/gltf/MaterialBodies/MF_SpecularGlossiness_Body.uasset" 774
"../../../Engine/Plugins/Interchange/Assets/Content/gltf/MaterialBodies/MF_SpecularGlossiness_Body.uexp" 775
"../../../Engine/Plugins/Interchange/Assets/Content/gltf/M_SpecularGlossiness.uasset" 776
"../../../Engine/Plugins/Interchange/Assets/Content/gltf/M_SpecularGlossiness.uexp" 777
"../../../Engine/Plugins/Interchange/Assets/Content/gltf/MaterialInstances/MI_SpecularGlossiness_Blend.uasset" 778
"../../../Engine/Plugins/Interchange/Assets/Content/gltf/MaterialInstances/MI_SpecularGlossiness_Blend.uexp" 779
"../../../Engine/Plugins/Interchange/Assets/Content/gltf/MaterialInstances/MI_SpecularGlossiness_Blend_DS.uasset" 780
"../../../Engine/Plugins/Interchange/Assets/Content/gltf/MaterialInstances/MI_SpecularGlossiness_Blend_DS.uexp" 781
"../../../Engine/Plugins/Interchange/Assets/Content/gltf/MaterialInstances/MI_SpecularGlossiness_Mask.uasset" 782
"../../../Engine/Plugins/Interchange/Assets/Content/gltf/MaterialInstances/MI_SpecularGlossiness_Mask.uexp" 783
"../../../Engine/Plugins/Interchange/Assets/Content/gltf/MaterialInstances/MI_SpecularGlossiness_Mask_DS.uasset" 784
"../../../Engine/Plugins/Interchange/Assets/Content/gltf/MaterialInstances/MI_SpecularGlossiness_Mask_DS.uexp" 785
"../../../Engine/Plugins/Interchange/Assets/Content/gltf/MaterialInstances/MI_SpecularGlossiness_Opaque.uasset" 786
"../../../Engine/Plugins/Interchange/Assets/Content/gltf/MaterialInstances/MI_SpecularGlossiness_Opaque.uexp" 787
"../../../Engine/Plugins/Interchange/Assets/Content/gltf/MaterialInstances/MI_SpecularGlossiness_Opaque_DS.uasset" 788
"../../../Engine/Plugins/Interchange/Assets/Content/gltf/MaterialInstances/MI_SpecularGlossiness_Opaque_DS.uexp" 789
"../../../Engine/Content/EngineMaterials/Good64x64TilingNoiseHighFreq.uasset" 790
"../../../Engine/Content/EngineMaterials/Good64x64TilingNoiseHighFreq.uexp" 791
"../../../Engine/Content/Functions/Engine_MaterialFunctions02/Texturing/ScreenAlignedPixelToPixelUVs.uasset" 792
"../../../Engine/Content/Functions/Engine_MaterialFunctions02/Texturing/ScreenAlignedPixelToPixelUVs.uexp" 793
"../../../Engine/Plugins/Interchange/Assets/Content/gltf/MaterialFunctions/MF_Fresnel_DS.uasset" 794
"../../../Engine/Plugins/Interchange/Assets/Content/gltf/MaterialFunctions/MF_Fresnel_DS.uexp" 795
"../../../Engine/Plugins/Interchange/Assets/Content/gltf/MaterialFunctions/MF_Temporal_Blur.uasset" 796
"../../../Engine/Plugins/Interchange/Assets/Content/gltf/MaterialFunctions/MF_Temporal_Blur.uexp" 797
"../../../Engine/Plugins/Interchange/Assets/Content/gltf/MaterialFunctions/MF_Transmission.uasset" 798
"../../../Engine/Plugins/Interchange/Assets/Content/gltf/MaterialFunctions/MF_Transmission.uexp" 799
"../../../Engine/Plugins/Interchange/Assets/Content/gltf/MaterialBodies/MF_Transmission_Body.uasset" 800
"../../../Engine/Plugins/Interchange/Assets/Content/gltf/MaterialBodies/MF_Transmission_Body.uexp" 801
"../../../Engine/Plugins/Interchange/Assets/Content/gltf/M_Transmission.uasset" 802
"../../../Engine/Plugins/Interchange/Assets/Content/gltf/M_Transmission.uexp" 803
"../../../Engine/Plugins/Interchange/Assets/Content/gltf/MaterialInstances/MI_Transmission.uasset" 804
"../../../Engine/Plugins/Interchange/Assets/Content/gltf/MaterialInstances/MI_Transmission.uexp" 805
"../../../Engine/Plugins/Interchange/Assets/Content/gltf/MaterialInstances/MI_Transmission_DS.uasset" 806
"../../../Engine/Plugins/Interchange/Assets/Content/gltf/MaterialInstances/MI_Transmission_DS.uexp" 807
"../../../Engine/Plugins/Interchange/Assets/Content/gltf/MaterialBodies/MF_Unlit_Body.uasset" 808
"../../../Engine/Plugins/Interchange/Assets/Content/gltf/MaterialBodies/MF_Unlit_Body.uexp" 809
"../../../Engine/Plugins/Interchange/Assets/Content/gltf/M_Unlit.uasset" 810
"../../../Engine/Plugins/Interchange/Assets/Content/gltf/M_Unlit.uexp" 811
"../../../Engine/Plugins/Interchange/Assets/Content/gltf/MaterialInstances/MI_Unlit_Blend.uasset" 812
"../../../Engine/Plugins/Interchange/Assets/Content/gltf/MaterialInstances/MI_Unlit_Blend.uexp" 813
"../../../Engine/Plugins/Interchange/Assets/Content/gltf/MaterialInstances/MI_Unlit_Blend_DS.uasset" 814
"../../../Engine/Plugins/Interchange/Assets/Content/gltf/MaterialInstances/MI_Unlit_Blend_DS.uexp" 815
"../../../Engine/Plugins/Interchange/Assets/Content/gltf/MaterialInstances/MI_Unlit_Mask.uasset" 816
"../../../Engine/Plugins/Interchange/Assets/Content/gltf/MaterialInstances/MI_Unlit_Mask.uexp" 817
"../../../Engine/Plugins/Interchange/Assets/Content/gltf/MaterialInstances/MI_Unlit_Mask_DS.uasset" 818
"../../../Engine/Plugins/Interchange/Assets/Content/gltf/MaterialInstances/MI_Unlit_Mask_DS.uexp" 819
"../../../Engine/Plugins/Interchange/Assets/Content/gltf/MaterialInstances/MI_Unlit_Opaque.uasset" 820
"../../../Engine/Plugins/Interchange/Assets/Content/gltf/MaterialInstances/MI_Unlit_Opaque.uexp" 821
"../../../Engine/Plugins/Interchange/Assets/Content/gltf/MaterialInstances/MI_Unlit_Opaque_DS.uasset" 822
"../../../Engine/Plugins/Interchange/Assets/Content/gltf/MaterialInstances/MI_Unlit_Opaque_DS.uexp" 823
"../../../Engine/Content/EngineResources/WhiteSquareTexture.uasset" 824
"../../../Engine/Content/EngineResources/WhiteSquareTexture.uexp" 825
"../../../Engine/Content/EngineMaterials/Widget3DPassThrough.uasset" 826
"../../../Engine/Content/EngineMaterials/Widget3DPassThrough.uexp" 827
"../../../Engine/Content/EngineMaterials/Widget3DPassThrough_Masked.uasset" 828
"../../../Engine/Content/EngineMaterials/Widget3DPassThrough_Masked.uexp" 829
"../../../Engine/Content/EngineMaterials/Widget3DPassThrough_Opaque.uasset" 830
"../../../Engine/Content/EngineMaterials/Widget3DPassThrough_Opaque.uexp" 831
"../../../Engine/Content/EngineMaterials/Widget3DPassThrough_Masked_OneSided.uasset" 832
"../../../Engine/Content/EngineMaterials/Widget3DPassThrough_Masked_OneSided.uexp" 833
"../../../Engine/Content/EngineMaterials/Widget3DPassThrough_Opaque_OneSided.uasset" 834
"../../../Engine/Content/EngineMaterials/Widget3DPassThrough_Opaque_OneSided.uexp" 835
"../../../Engine/Content/EngineMaterials/Widget3DPassThrough_Translucent.uasset" 836
"../../../Engine/Content/EngineMaterials/Widget3DPassThrough_Translucent.uexp" 837
"../../../Engine/Content/EngineMaterials/Widget3DPassThrough_Translucent_OneSided.uasset" 838
"../../../Engine/Content/EngineMaterials/Widget3DPassThrough_Translucent_OneSided.uexp" 839
"../../../Engine/Content/EditorLandscapeResources/ColorMaskBrushMaterial.uasset" 840
"../../../Engine/Content/EditorLandscapeResources/ColorMaskBrushMaterial.uexp" 841
"../../../Engine/Content/EditorLandscapeResources/ColorMaskBrushMaterial_MaskedRegion.uasset" 842
"../../../Engine/Content/EditorLandscapeResources/ColorMaskBrushMaterial_MaskedRegion.uexp" 843
"../../../Engine/Content/Functions/Engine_MaterialFunctions03/Math/WithinRangeFloat2.uasset" 844
"../../../Engine/Content/Functions/Engine_MaterialFunctions03/Math/WithinRangeFloat2.uexp" 845
"../../../Engine/Content/EditorLandscapeResources/MaskBrushMaterial.uasset" 846
"../../../Engine/Content/EditorLandscapeResources/MaskBrushMaterial.uexp" 847
"../../../Engine/Content/EditorLandscapeResources/MaskBrushMaterial_MaskedRegion.uasset" 848
"../../../Engine/Content/EditorLandscapeResources/MaskBrushMaterial_MaskedRegion.uexp" 849
"../../../Engine/Content/EditorLandscapeResources/SelectBrushMaterial.uasset" 850
"../../../Engine/Content/EditorLandscapeResources/SelectBrushMaterial.uexp" 851
"../../../Engine/Content/EditorLandscapeResources/SelectBrushMaterial_Selected.uasset" 852
"../../../Engine/Content/EditorLandscapeResources/SelectBrushMaterial_Selected.uexp" 853
"../../../Engine/Content/EditorLandscapeResources/SelectBrushMaterial_SelectedRegion.uasset" 854
"../../../Engine/Content/EditorLandscapeResources/SelectBrushMaterial_SelectedRegion.uexp" 855
"../../../Engine/Plugins/NNE/NNEDenoiser/Content/NNE_oidn2-3-0_rt_hdr_alb_nrm_small__dyn__fp16_opset11_DenoiseAlpha.uasset" 856
"../../../Engine/Plugins/NNE/NNEDenoiser/Content/NNE_oidn2-3-0_rt_hdr_alb_nrm_small__dyn__fp16_opset11_DenoiseAlpha.uexp" 857
"../../../Engine/Plugins/NNE/NNEDenoiser/Content/NNE_oidn2-3-0_rt_hdr_alb_nrm_small__dyn__fp16_opset11_ForwardAlpha.uasset" 858
"../../../Engine/Plugins/NNE/NNEDenoiser/Content/NNE_oidn2-3-0_rt_hdr_alb_nrm_small__dyn__fp16_opset11_ForwardAlpha.uexp" 859
"../../../Engine/Plugins/NNE/NNEDenoiser/Content/NNE_oidn2-3-0_rt_hdr_alb_nrm__dyn__fp16_opset11_DenoiseAlpha.uasset" 860
"../../../Engine/Plugins/NNE/NNEDenoiser/Content/NNE_oidn2-3-0_rt_hdr_alb_nrm__dyn__fp16_opset11_DenoiseAlpha.uexp" 861
"../../../Engine/Plugins/NNE/NNEDenoiser/Content/NNE_oidn2-3-0_rt_hdr_alb_nrm__dyn__fp16_opset11_ForwardAlpha.uasset" 862
"../../../Engine/Plugins/NNE/NNEDenoiser/Content/NNE_oidn2-3-0_rt_hdr_alb_nrm__dyn__fp16_opset11_ForwardAlpha.uexp" 863
"../../../Engine/Plugins/NNE/NNEDenoiser/Content/NNE_oidn2-3-0_rt_hdr_calb_cnrm_large__dyn__fp16_opset11_DenoiseAlpha.uasset" 864
"../../../Engine/Plugins/NNE/NNEDenoiser/Content/NNE_oidn2-3-0_rt_hdr_calb_cnrm_large__dyn__fp16_opset11_DenoiseAlpha.uexp" 865
"../../../Engine/Plugins/NNE/NNEDenoiser/Content/NNE_oidn2-3-0_rt_hdr_calb_cnrm_large__dyn__fp16_opset11_ForwardAlpha.uasset" 866
"../../../Engine/Plugins/NNE/NNEDenoiser/Content/NNE_oidn2-3-0_rt_hdr_calb_cnrm_large__dyn__fp16_opset11_ForwardAlpha.uexp" 867
"../../../Engine/Plugins/2D/Paper2D/Content/DefaultSpriteMaterial.uasset" 868
"../../../Engine/Plugins/2D/Paper2D/Content/DefaultSpriteMaterial.uexp" 869
"../../../Engine/Plugins/2D/Paper2D/Content/MaskedUnlitSpriteMaterial.uasset" 870
"../../../Engine/Plugins/2D/Paper2D/Content/MaskedUnlitSpriteMaterial.uexp" 871
"../../../Engine/Plugins/2D/Paper2D/Content/OpaqueUnlitSpriteMaterial.uasset" 872
"../../../Engine/Plugins/2D/Paper2D/Content/OpaqueUnlitSpriteMaterial.uexp" 873
"../../../Engine/Content/EngineResources/LandscapeVisibilityLayerInfo.uasset" 874
"../../../Engine/Content/EngineResources/LandscapeVisibilityLayerInfo.uexp" 875
"../../../Engine/Content/VREditor/TransformGizmo/TranslucentTransformGizmoMaterial_Inst.uasset" 876
"../../../Engine/Content/VREditor/TransformGizmo/TranslucentTransformGizmoMaterial_Inst.uexp" 877
"../../../Engine/Content/VREditor/TransformGizmo/TransformGizmoMaterial_Inst.uasset" 878
"../../../Engine/Content/VREditor/TransformGizmo/TransformGizmoMaterial_Inst.uexp" 879
"../../../Engine/Content/VREditor/Sounds/UI/Drop_Item_From_ContentBrowser.ubulk" 880
"../../../Engine/Content/VREditor/Sounds/UI/Drop_Item_From_ContentBrowser.uasset" 881
"../../../Engine/Content/VREditor/Sounds/UI/Drop_Item_From_ContentBrowser.uexp" 882
"../../../Engine/Content/VREditor/TransformGizmo/UniformScaleHandle.ubulk" 883
"../../../Engine/Content/VREditor/TransformGizmo/UniformScaleHandle.uasset" 884
"../../../Engine/Content/VREditor/TransformGizmo/UniformScaleHandle.uexp" 885
"../../../Engine/Content/VREditor/TransformGizmo/TranslateArrowHandle.ubulk" 886
"../../../Engine/Content/VREditor/TransformGizmo/TranslateArrowHandle.uasset" 887
"../../../Engine/Content/VREditor/TransformGizmo/TranslateArrowHandle.uexp" 888
"../../../Engine/Content/VREditor/TransformGizmo/TransformGizmoFreeRotation.ubulk" 889
"../../../Engine/Content/VREditor/TransformGizmo/TransformGizmoFreeRotation.uasset" 890
"../../../Engine/Content/VREditor/TransformGizmo/TransformGizmoFreeRotation.uexp" 891
"../../../Engine/Content/VREditor/TransformGizmo/StartRotationHandleIndicator.ubulk" 892
"../../../Engine/Content/VREditor/TransformGizmo/StartRotationHandleIndicator.uasset" 893
"../../../Engine/Content/VREditor/TransformGizmo/StartRotationHandleIndicator.uexp" 894
"../../../Engine/Content/Functions/Engine_MaterialFunctions02/SplitComponents.uasset" 895
"../../../Engine/Content/Functions/Engine_MaterialFunctions02/SplitComponents.uexp" 896
"../../../Engine/Content/VREditor/SnapGrid/SnapGridMaterial.uasset" 897
"../../../Engine/Content/VREditor/SnapGrid/SnapGridMaterial.uexp" 898
"../../../Engine/Content/VREditor/SnapGrid/SnapGridPlaneMesh.ubulk" 899
"../../../Engine/Content/VREditor/SnapGrid/SnapGridPlaneMesh.uasset" 900
"../../../Engine/Content/VREditor/SnapGrid/SnapGridPlaneMesh.uexp" 901
"../../../Engine/Content/VREditor/Sounds/UI/Gizmo_Handle_Clicked.ubulk" 902
"../../../Engine/Content/VREditor/Sounds/UI/Gizmo_Handle_Clicked.uasset" 903
"../../../Engine/Content/VREditor/Sounds/UI/Gizmo_Handle_Clicked.uexp" 904
"../../../Engine/Content/VREditor/Sounds/UI/Object_PickUp.ubulk" 905
"../../../Engine/Content/VREditor/Sounds/UI/Object_PickUp.uasset" 906
"../../../Engine/Content/VREditor/Sounds/UI/Object_PickUp.uexp" 907
"../../../Engine/Content/VREditor/Sounds/UI/Object_Snaps_To_Another_Actor.ubulk" 908
"../../../Engine/Content/VREditor/Sounds/UI/Object_Snaps_To_Another_Actor.uasset" 909
"../../../Engine/Content/VREditor/Sounds/UI/Object_Snaps_To_Another_Actor.uexp" 910
"../../../Engine/Content/VREditor/Sounds/UI/Object_Snaps_To_Grid.ubulk" 911
"../../../Engine/Content/VREditor/Sounds/UI/Object_Snaps_To_Grid.uasset" 912
"../../../Engine/Content/VREditor/Sounds/UI/Object_Snaps_To_Grid.uexp" 913
"../../../Engine/Content/VREditor/Sounds/UI/Scaling_Down.ubulk" 914
"../../../Engine/Content/VREditor/Sounds/UI/Scaling_Down.uasset" 915
"../../../Engine/Content/VREditor/Sounds/UI/Scaling_Down.uexp" 916
"../../../Engine/Content/VREditor/Sounds/UI/Scaling_Up.ubulk" 917
"../../../Engine/Content/VREditor/Sounds/UI/Scaling_Up.uasset" 918
"../../../Engine/Content/VREditor/Sounds/UI/Scaling_Up.uexp" 919
"../../../Engine/Content/VREditor/Sounds/UI/Selection_Changes.ubulk" 920
"../../../Engine/Content/VREditor/Sounds/UI/Selection_Changes.uasset" 921
"../../../Engine/Content/VREditor/Sounds/UI/Selection_Changes.uexp" 922
"../../../Engine/Content/VREditor/TransformGizmo/PlaneTranslationHandle.ubulk" 923
"../../../Engine/Content/VREditor/TransformGizmo/PlaneTranslationHandle.uasset" 924
"../../../Engine/Content/VREditor/TransformGizmo/PlaneTranslationHandle.uexp" 925
"../../../Engine/Content/VREditor/TransformGizmo/RotationHandleFull.ubulk" 926
"../../../Engine/Content/VREditor/TransformGizmo/RotationHandleFull.uasset" 927
"../../../Engine/Content/VREditor/TransformGizmo/RotationHandleFull.uexp" 928
"../../../Engine/Content/VREditor/TransformGizmo/RotationHandleIndicator.ubulk" 929
"../../../Engine/Content/VREditor/TransformGizmo/RotationHandleIndicator.uasset" 930
"../../../Engine/Content/VREditor/TransformGizmo/RotationHandleIndicator.uexp" 931
"../../../Engine/Content/VREditor/TransformGizmo/RotationHandleQuarter.ubulk" 932
"../../../Engine/Content/VREditor/TransformGizmo/RotationHandleQuarter.uasset" 933
"../../../Engine/Content/VREditor/TransformGizmo/RotationHandleQuarter.uexp" 934
"../../../Engine/Plugins/Animation/DeformerGraph/Content/DeformerFunctions/DG_Function_LinearBlendSkin_Morph_Cloth.uasset" 935
"../../../Engine/Plugins/Animation/DeformerGraph/Content/DeformerFunctions/DG_Function_LinearBlendSkin_Morph_Cloth.uexp" 936
"../../../Engine/Plugins/Animation/DeformerGraph/Content/Deformers/DG_LinearBlendSkin_Morph_Cloth.uasset" 937
"../../../Engine/Plugins/Animation/DeformerGraph/Content/Deformers/DG_LinearBlendSkin_Morph_Cloth.uexp" 938
"../../../Engine/Plugins/Animation/DeformerGraph/Content/DeformerFunctions/DG_Function_LinearBlendSkin_Morph_Cloth_PositionOnly.uasset" 939
"../../../Engine/Plugins/Animation/DeformerGraph/Content/DeformerFunctions/DG_Function_LinearBlendSkin_Morph_Cloth_PositionOnly.uexp" 940
"../../../Engine/Plugins/Animation/DeformerGraph/Content/DeformerFunctions/DG_Function_ComputeNormalsTangents.uasset" 941
"../../../Engine/Plugins/Animation/DeformerGraph/Content/DeformerFunctions/DG_Function_ComputeNormalsTangents.uexp" 942
"../../../Engine/Plugins/Animation/DeformerGraph/Content/Deformers/DG_LinearBlendSkin_Morph_Cloth_RecomputeNormals.uasset" 943
"../../../Engine/Plugins/Animation/DeformerGraph/Content/Deformers/DG_LinearBlendSkin_Morph_Cloth_RecomputeNormals.uexp" 944
"../../../Engine/Plugins/NNE/NNEDenoiser/Content/NNEDT_Oidn2-3_Balanced.uasset" 945
"../../../Engine/Plugins/NNE/NNEDenoiser/Content/NNEDT_Oidn2-3_Balanced.uexp" 946
"../../../Engine/Plugins/NNE/NNEDenoiser/Content/NNEDT_Oidn2-3_Balanced_Alpha.uasset" 947
"../../../Engine/Plugins/NNE/NNEDenoiser/Content/NNEDT_Oidn2-3_Balanced_Alpha.uexp" 948
"../../../Engine/Plugins/NNE/NNEDenoiser/Content/NNED_Oidn2-3_Balanced.uasset" 949
"../../../Engine/Plugins/NNE/NNEDenoiser/Content/NNED_Oidn2-3_Balanced.uexp" 950
"../../../Engine/Plugins/NNE/NNEDenoiser/Content/NNED_Oidn2-3_Balanced_Alpha.uasset" 951
"../../../Engine/Plugins/NNE/NNEDenoiser/Content/NNED_Oidn2-3_Balanced_Alpha.uexp" 952
"../../../Engine/Plugins/NNE/NNEDenoiser/Content/NNED_Oidn2-3_Fast.uasset" 953
"../../../Engine/Plugins/NNE/NNEDenoiser/Content/NNED_Oidn2-3_Fast.uexp" 954
"../../../Engine/Plugins/NNE/NNEDenoiser/Content/NNED_Oidn2-3_Fast_Alpha.uasset" 955
"../../../Engine/Plugins/NNE/NNEDenoiser/Content/NNED_Oidn2-3_Fast_Alpha.uexp" 956
"../../../Engine/Plugins/NNE/NNEDenoiser/Content/NNED_Oidn2-3_HighQuality.uasset" 957
"../../../Engine/Plugins/NNE/NNEDenoiser/Content/NNED_Oidn2-3_HighQuality.uexp" 958
"../../../Engine/Plugins/NNE/NNEDenoiser/Content/NNED_Oidn2-3_HighQuality_Alpha.uasset" 959
"../../../Engine/Plugins/NNE/NNEDenoiser/Content/NNED_Oidn2-3_HighQuality_Alpha.uexp" 960
"../../../Engine/Content/BasicShapes/Plane.ubulk" 961
"../../../Engine/Content/BasicShapes/Plane.uasset" 962
"../../../Engine/Content/BasicShapes/Plane.uexp" 963
"../../../Engine/Content/EngineSky/T_Sky_Stars.ubulk" 964
"../../../Engine/Content/EngineSky/T_Sky_Stars.uasset" 965
"../../../Engine/Content/EngineSky/T_Sky_Stars.uexp" 966
"../../../Engine/Content/EngineSky/T_Sky_Clouds_M.ubulk" 967
"../../../Engine/Content/EngineSky/T_Sky_Clouds_M.uasset" 968
"../../../Engine/Content/EngineSky/T_Sky_Clouds_M.uexp" 969
"../../../Engine/Content/EngineSky/T_Sky_Blue.ubulk" 970
"../../../Engine/Content/EngineSky/T_Sky_Blue.uasset" 971
"../../../Engine/Content/EngineSky/T_Sky_Blue.uexp" 972
"../../../Engine/Content/EngineSky/M_Sky_Panning_Clouds2.uasset" 973
"../../../Engine/Content/EngineSky/M_Sky_Panning_Clouds2.uexp" 974
"../../../Engine/Content/EngineSky/SM_SkySphere.ubulk" 975
"../../../Engine/Content/EngineSky/SM_SkySphere.uasset" 976
"../../../Engine/Content/EngineSky/SM_SkySphere.uexp" 977
"../../../Engine/Content/EngineSky/M_SimpleSkyDome.uasset" 978
"../../../Engine/Content/EngineSky/M_SimpleSkyDome.uexp" 979
"../../../Engine/Content/EngineSky/VolumetricClouds/VT_PerlinWorley_Balanced.uasset" 980
"../../../Engine/Content/EngineSky/VolumetricClouds/VT_PerlinWorley_Balanced.uexp" 981
"../../../Engine/Content/EngineSky/VolumetricClouds/T_Profile_08.ubulk" 982
"../../../Engine/Content/EngineSky/VolumetricClouds/T_Profile_08.uasset" 983
"../../../Engine/Content/EngineSky/VolumetricClouds/T_Profile_08.uexp" 984
"../../../Engine/Content/EngineSky/VolumetricClouds/T_CloudPattern.ubulk" 985
"../../../Engine/Content/EngineSky/VolumetricClouds/T_CloudPattern.uasset" 986
"../../../Engine/Content/EngineSky/VolumetricClouds/T_CloudPattern.uexp" 987
"../../../Engine/Content/EngineSky/VolumetricClouds/T_CloudMask.ubulk" 988
"../../../Engine/Content/EngineSky/VolumetricClouds/T_CloudMask.uasset" 989
"../../../Engine/Content/EngineSky/VolumetricClouds/T_CloudMask.uexp" 990
"../../../Engine/Content/Functions/Engine_MaterialFunctions02/Utility/BreakOutFloat4Components.uasset" 991
"../../../Engine/Content/Functions/Engine_MaterialFunctions02/Utility/BreakOutFloat4Components.uexp" 992
"../../../Engine/Content/Functions/Engine_MaterialFunctions02/Utility/MakeFloat4.uasset" 993
"../../../Engine/Content/Functions/Engine_MaterialFunctions02/Utility/MakeFloat4.uexp" 994
"../../../Engine/Content/EngineResources/DefaultVolumeTexture2D.uasset" 995
"../../../Engine/Content/EngineResources/DefaultVolumeTexture2D.uexp" 996
"../../../Engine/Content/EngineResources/DefaultVolumeTexture.uasset" 997
"../../../Engine/Content/EngineResources/DefaultVolumeTexture.uexp" 998
"../../../Engine/Content/EngineSky/VolumetricClouds/VT_Lightning.uasset" 999
"../../../Engine/Content/EngineSky/VolumetricClouds/VT_Lightning.uexp" 1000
"../../../Engine/Content/Functions/Engine_MaterialFunctions01/Units/Km-to-Cm.uasset" 1001
"../../../Engine/Content/Functions/Engine_MaterialFunctions01/Units/Km-to-Cm.uexp" 1002
"../../../Engine/Content/EngineSky/VolumetricClouds/m_SimpleVolumetricCloud.uasset" 1003
"../../../Engine/Content/EngineSky/VolumetricClouds/m_SimpleVolumetricCloud.uexp" 1004
"../../../Engine/Content/EngineSky/VolumetricClouds/m_SimpleVolumetricCloud_Inst.uasset" 1005
"../../../Engine/Content/EngineSky/VolumetricClouds/m_SimpleVolumetricCloud_Inst.uexp" 1006
"../../../Engine/Plugins/Interchange/Assets/Content/Functions/MF_PhongToMetalRoughness.uasset" 1007
"../../../Engine/Plugins/Interchange/Assets/Content/Functions/MF_PhongToMetalRoughness.uexp" 1008
"E:/Documents/GitHub/Prototyping-for-Technical-Designers/TechDesign/Content/Assets/Textures/T_AssetPackTexture.ubulk" 1009
"E:/Documents/GitHub/Prototyping-for-Technical-Designers/TechDesign/Content/Assets/Textures/T_AssetPackTexture.uasset" 1010
"E:/Documents/GitHub/Prototyping-for-Technical-Designers/TechDesign/Content/Assets/Textures/T_AssetPackTexture.uexp" 1011
"E:/Documents/GitHub/Prototyping-for-Technical-Designers/TechDesign/Content/Assets/Materials/M_Buildings.uasset" 1012
"E:/Documents/GitHub/Prototyping-for-Technical-Designers/TechDesign/Content/Assets/Materials/M_Buildings.uexp" 1013
"E:/Documents/GitHub/Prototyping-for-Technical-Designers/TechDesign/Content/Assets/Textures/T_hexagons_medieval_Forest.ubulk" 1014
"E:/Documents/GitHub/Prototyping-for-Technical-Designers/TechDesign/Content/Assets/Textures/T_hexagons_medieval_Forest.uasset" 1015
"E:/Documents/GitHub/Prototyping-for-Technical-Designers/TechDesign/Content/Assets/Textures/T_hexagons_medieval_Forest.uexp" 1016
"E:/Documents/GitHub/Prototyping-for-Technical-Designers/TechDesign/Content/Assets/Materials/MI_TileForest.uasset" 1017
"E:/Documents/GitHub/Prototyping-for-Technical-Designers/TechDesign/Content/Assets/Materials/MI_TileForest.uexp" 1018
"E:/Documents/GitHub/Prototyping-for-Technical-Designers/TechDesign/Content/Assets/Textures/T_Wave.ubulk" 1019
"E:/Documents/GitHub/Prototyping-for-Technical-Designers/TechDesign/Content/Assets/Textures/T_Wave.uasset" 1020
"E:/Documents/GitHub/Prototyping-for-Technical-Designers/TechDesign/Content/Assets/Textures/T_Wave.uexp" 1021
"E:/Documents/GitHub/Prototyping-for-Technical-Designers/TechDesign/Content/Assets/Textures/T_NormalWater.ubulk" 1022
"E:/Documents/GitHub/Prototyping-for-Technical-Designers/TechDesign/Content/Assets/Textures/T_NormalWater.uasset" 1023
"E:/Documents/GitHub/Prototyping-for-Technical-Designers/TechDesign/Content/Assets/Textures/T_NormalWater.uexp" 1024
"E:/Documents/GitHub/Prototyping-for-Technical-Designers/TechDesign/Content/Assets/Materials/M_Water.uasset" 1025
"E:/Documents/GitHub/Prototyping-for-Technical-Designers/TechDesign/Content/Assets/Materials/M_Water.uexp" 1026
"E:/Documents/GitHub/Prototyping-for-Technical-Designers/TechDesign/Content/Assets/Materials/MI_Water.uasset" 1027
"E:/Documents/GitHub/Prototyping-for-Technical-Designers/TechDesign/Content/Assets/Materials/MI_Water.uexp" 1028
"E:/Documents/GitHub/Prototyping-for-Technical-Designers/TechDesign/Content/Assets/Buildings/Blue/SM_building_workshop_blue.ubulk" 1029
"E:/Documents/GitHub/Prototyping-for-Technical-Designers/TechDesign/Content/Assets/Buildings/Blue/SM_building_workshop_blue.uasset" 1030
"E:/Documents/GitHub/Prototyping-for-Technical-Designers/TechDesign/Content/Assets/Buildings/Blue/SM_building_workshop_blue.uexp" 1031
"E:/Documents/GitHub/Prototyping-for-Technical-Designers/TechDesign/Content/Assets/Buildings/Blue/SM_building_windmill_top_fan_blue.ubulk" 1032
"E:/Documents/GitHub/Prototyping-for-Technical-Designers/TechDesign/Content/Assets/Buildings/Blue/SM_building_windmill_top_fan_blue.uasset" 1033
"E:/Documents/GitHub/Prototyping-for-Technical-Designers/TechDesign/Content/Assets/Buildings/Blue/SM_building_windmill_top_fan_blue.uexp" 1034
"E:/Documents/GitHub/Prototyping-for-Technical-Designers/TechDesign/Content/Assets/Buildings/Blue/SM_building_windmill_top_blue.ubulk" 1035
"E:/Documents/GitHub/Prototyping-for-Technical-Designers/TechDesign/Content/Assets/Buildings/Blue/SM_building_windmill_top_blue.uasset" 1036
"E:/Documents/GitHub/Prototyping-for-Technical-Designers/TechDesign/Content/Assets/Buildings/Blue/SM_building_windmill_top_blue.uexp" 1037
"E:/Documents/GitHub/Prototyping-for-Technical-Designers/TechDesign/Content/Assets/Buildings/Blue/SM_building_windmill_blue.ubulk" 1038
"E:/Documents/GitHub/Prototyping-for-Technical-Designers/TechDesign/Content/Assets/Buildings/Blue/SM_building_windmill_blue.uasset" 1039
"E:/Documents/GitHub/Prototyping-for-Technical-Designers/TechDesign/Content/Assets/Buildings/Blue/SM_building_windmill_blue.uexp" 1040
"E:/Documents/GitHub/Prototyping-for-Technical-Designers/TechDesign/Content/Assets/Buildings/Blue/SM_building_tavern_blue.ubulk" 1041
"E:/Documents/GitHub/Prototyping-for-Technical-Designers/TechDesign/Content/Assets/Buildings/Blue/SM_building_tavern_blue.uasset" 1042
"E:/Documents/GitHub/Prototyping-for-Technical-Designers/TechDesign/Content/Assets/Buildings/Blue/SM_building_tavern_blue.uexp" 1043
"E:/Documents/GitHub/Prototyping-for-Technical-Designers/TechDesign/Content/Assets/Buildings/Blue/SM_building_stables_blue.ubulk" 1044
"E:/Documents/GitHub/Prototyping-for-Technical-Designers/TechDesign/Content/Assets/Buildings/Blue/SM_building_stables_blue.uasset" 1045
"E:/Documents/GitHub/Prototyping-for-Technical-Designers/TechDesign/Content/Assets/Buildings/Blue/SM_building_stables_blue.uexp" 1046
"E:/Documents/GitHub/Prototyping-for-Technical-Designers/TechDesign/Content/Assets/Buildings/Blue/SM_building_market_blue.ubulk" 1047
"E:/Documents/GitHub/Prototyping-for-Technical-Designers/TechDesign/Content/Assets/Buildings/Blue/SM_building_market_blue.uasset" 1048
"E:/Documents/GitHub/Prototyping-for-Technical-Designers/TechDesign/Content/Assets/Buildings/Blue/SM_building_market_blue.uexp" 1049
"E:/Documents/GitHub/Prototyping-for-Technical-Designers/TechDesign/Content/Assets/Buildings/Blue/SM_building_lumbermill_top_blue.ubulk" 1050
"E:/Documents/GitHub/Prototyping-for-Technical-Designers/TechDesign/Content/Assets/Buildings/Blue/SM_building_lumbermill_top_blue.uasset" 1051
"E:/Documents/GitHub/Prototyping-for-Technical-Designers/TechDesign/Content/Assets/Buildings/Blue/SM_building_lumbermill_top_blue.uexp" 1052
"E:/Documents/GitHub/Prototyping-for-Technical-Designers/TechDesign/Content/Assets/Buildings/Blue/SM_building_lumbermill_saw_blue.ubulk" 1053
"E:/Documents/GitHub/Prototyping-for-Technical-Designers/TechDesign/Content/Assets/Buildings/Blue/SM_building_lumbermill_saw_blue.uasset" 1054
"E:/Documents/GitHub/Prototyping-for-Technical-Designers/TechDesign/Content/Assets/Buildings/Blue/SM_building_lumbermill_saw_blue.uexp" 1055
"E:/Documents/GitHub/Prototyping-for-Technical-Designers/TechDesign/Content/Assets/Buildings/Blue/SM_building_lumbermill_blue.ubulk" 1056
"E:/Documents/GitHub/Prototyping-for-Technical-Designers/TechDesign/Content/Assets/Buildings/Blue/SM_building_lumbermill_blue.uasset" 1057
"E:/Documents/GitHub/Prototyping-for-Technical-Designers/TechDesign/Content/Assets/Buildings/Blue/SM_building_lumbermill_blue.uexp" 1058
"E:/Documents/GitHub/Prototyping-for-Technical-Designers/TechDesign/Content/Assets/Buildings/Neutral/SM_building_grain.ubulk" 1059
"E:/Documents/GitHub/Prototyping-for-Technical-Designers/TechDesign/Content/Assets/Buildings/Neutral/SM_building_grain.uasset" 1060
"E:/Documents/GitHub/Prototyping-for-Technical-Designers/TechDesign/Content/Assets/Buildings/Neutral/SM_building_grain.uexp" 1061
"E:/Documents/GitHub/Prototyping-for-Technical-Designers/TechDesign/Content/Assets/Buildings/Blue/SM_building_castle_blue.ubulk" 1062
"E:/Documents/GitHub/Prototyping-for-Technical-Designers/TechDesign/Content/Assets/Buildings/Blue/SM_building_castle_blue.uasset" 1063
"E:/Documents/GitHub/Prototyping-for-Technical-Designers/TechDesign/Content/Assets/Buildings/Blue/SM_building_castle_blue.uexp" 1064
"E:/Documents/GitHub/Prototyping-for-Technical-Designers/TechDesign/Content/Assets/Buildings/Blue/SM_building_blacksmith_blue.ubulk" 1065
"E:/Documents/GitHub/Prototyping-for-Technical-Designers/TechDesign/Content/Assets/Buildings/Blue/SM_building_blacksmith_blue.uasset" 1066
"E:/Documents/GitHub/Prototyping-for-Technical-Designers/TechDesign/Content/Assets/Buildings/Blue/SM_building_blacksmith_blue.uexp" 1067
"E:/Documents/GitHub/Prototyping-for-Technical-Designers/TechDesign/Content/Assets/Buildings/Blue/SM_building_barracks_blue.ubulk" 1068
"E:/Documents/GitHub/Prototyping-for-Technical-Designers/TechDesign/Content/Assets/Buildings/Blue/SM_building_barracks_blue.uasset" 1069
"E:/Documents/GitHub/Prototyping-for-Technical-Designers/TechDesign/Content/Assets/Buildings/Blue/SM_building_barracks_blue.uexp" 1070
"E:/Documents/GitHub/Prototyping-for-Technical-Designers/TechDesign/Content/Assets/Buildings/Blue/SM_building_archeryrange_blue.ubulk" 1071
"E:/Documents/GitHub/Prototyping-for-Technical-Designers/TechDesign/Content/Assets/Buildings/Blue/SM_building_archeryrange_blue.uasset" 1072
"E:/Documents/GitHub/Prototyping-for-Technical-Designers/TechDesign/Content/Assets/Buildings/Blue/SM_building_archeryrange_blue.uexp" 1073
"E:/Documents/GitHub/Prototyping-for-Technical-Designers/TechDesign/Content/Assets/Tiles/Roads/SM_hex_road_M.ubulk" 1074
"E:/Documents/GitHub/Prototyping-for-Technical-Designers/TechDesign/Content/Assets/Tiles/Roads/SM_hex_road_M.uasset" 1075
"E:/Documents/GitHub/Prototyping-for-Technical-Designers/TechDesign/Content/Assets/Tiles/Roads/SM_hex_road_M.uexp" 1076
"E:/Documents/GitHub/Prototyping-for-Technical-Designers/TechDesign/Content/Assets/Tiles/Roads/SM_hex_road_F.ubulk" 1077
"E:/Documents/GitHub/Prototyping-for-Technical-Designers/TechDesign/Content/Assets/Tiles/Roads/SM_hex_road_F.uasset" 1078
"E:/Documents/GitHub/Prototyping-for-Technical-Designers/TechDesign/Content/Assets/Tiles/Roads/SM_hex_road_F.uexp" 1079
"E:/Documents/GitHub/Prototyping-for-Technical-Designers/TechDesign/Content/Assets/Tiles/Roads/SM_hex_road_E.ubulk" 1080
"E:/Documents/GitHub/Prototyping-for-Technical-Designers/TechDesign/Content/Assets/Tiles/Roads/SM_hex_road_E.uasset" 1081
"E:/Documents/GitHub/Prototyping-for-Technical-Designers/TechDesign/Content/Assets/Tiles/Roads/SM_hex_road_E.uexp" 1082
"E:/Documents/GitHub/Prototyping-for-Technical-Designers/TechDesign/Content/Assets/Tiles/Roads/SM_hex_road_D.ubulk" 1083
"E:/Documents/GitHub/Prototyping-for-Technical-Designers/TechDesign/Content/Assets/Tiles/Roads/SM_hex_road_D.uasset" 1084
"E:/Documents/GitHub/Prototyping-for-Technical-Designers/TechDesign/Content/Assets/Tiles/Roads/SM_hex_road_D.uexp" 1085
"E:/Documents/GitHub/Prototyping-for-Technical-Designers/TechDesign/Content/Assets/Tiles/Roads/SM_hex_road_B.ubulk" 1086
"E:/Documents/GitHub/Prototyping-for-Technical-Designers/TechDesign/Content/Assets/Tiles/Roads/SM_hex_road_B.uasset" 1087
"E:/Documents/GitHub/Prototyping-for-Technical-Designers/TechDesign/Content/Assets/Tiles/Roads/SM_hex_road_B.uexp" 1088
"E:/Documents/GitHub/Prototyping-for-Technical-Designers/TechDesign/Content/Assets/Textures/T_hexagons_medieval_Plains.ubulk" 1089
"E:/Documents/GitHub/Prototyping-for-Technical-Designers/TechDesign/Content/Assets/Textures/T_hexagons_medieval_Plains.uasset" 1090
"E:/Documents/GitHub/Prototyping-for-Technical-Designers/TechDesign/Content/Assets/Textures/T_hexagons_medieval_Plains.uexp" 1091
"E:/Documents/GitHub/Prototyping-for-Technical-Designers/TechDesign/Content/Assets/Materials/MI_TilePlains.uasset" 1092
"E:/Documents/GitHub/Prototyping-for-Technical-Designers/TechDesign/Content/Assets/Materials/MI_TilePlains.uexp" 1093
"E:/Documents/GitHub/Prototyping-for-Technical-Designers/TechDesign/Content/Assets/Tiles/Roads/SM_hex_road_A.ubulk" 1094
"E:/Documents/GitHub/Prototyping-for-Technical-Designers/TechDesign/Content/Assets/Tiles/Roads/SM_hex_road_A.uasset" 1095
"E:/Documents/GitHub/Prototyping-for-Technical-Designers/TechDesign/Content/Assets/Tiles/Roads/SM_hex_road_A.uexp" 1096
"E:/Documents/GitHub/Prototyping-for-Technical-Designers/TechDesign/Content/Assets/Tiles/Base/SM_hex_grass.ubulk" 1097
"E:/Documents/GitHub/Prototyping-for-Technical-Designers/TechDesign/Content/Assets/Tiles/Base/SM_hex_grass.uasset" 1098
"E:/Documents/GitHub/Prototyping-for-Technical-Designers/TechDesign/Content/Assets/Tiles/Base/SM_hex_grass.uexp" 1099
"E:/Documents/GitHub/Prototyping-for-Technical-Designers/TechDesign/Content/Assets/Buildings/Blue/SM_building_home_A_blue.ubulk" 1100
"E:/Documents/GitHub/Prototyping-for-Technical-Designers/TechDesign/Content/Assets/Buildings/Blue/SM_building_home_A_blue.uasset" 1101
"E:/Documents/GitHub/Prototyping-for-Technical-Designers/TechDesign/Content/Assets/Buildings/Blue/SM_building_home_A_blue.uexp" 1102
"E:/Documents/GitHub/Prototyping-for-Technical-Designers/TechDesign/Content/Blueprints/BP_MainMenuCamera.uasset" 1103
"E:/Documents/GitHub/Prototyping-for-Technical-Designers/TechDesign/Content/Blueprints/BP_MainMenuCamera.uexp" 1104
"E:/Documents/GitHub/Prototyping-for-Technical-Designers/TechDesign/Content/Assets/UI/Hexes/T_HexFilled.uasset" 1105
"E:/Documents/GitHub/Prototyping-for-Technical-Designers/TechDesign/Content/Assets/UI/Hexes/T_HexFilled.uexp" 1106
"E:/Documents/GitHub/Prototyping-for-Technical-Designers/TechDesign/Content/Assets/UI/Hexes/T_HexBanner.uasset" 1107
"E:/Documents/GitHub/Prototyping-for-Technical-Designers/TechDesign/Content/Assets/UI/Hexes/T_HexBanner.uexp" 1108
"E:/Documents/GitHub/Prototyping-for-Technical-Designers/TechDesign/Content/Blueprints/UI/WBP_MainMenu.uasset" 1109
"E:/Documents/GitHub/Prototyping-for-Technical-Designers/TechDesign/Content/Blueprints/UI/WBP_MainMenu.uexp" 1110
"E:/Documents/GitHub/Prototyping-for-Technical-Designers/TechDesign/Content/Blueprints/Modes/BP_MainMenuGameMode.uasset" 1111
"E:/Documents/GitHub/Prototyping-for-Technical-Designers/TechDesign/Content/Blueprints/Modes/BP_MainMenuGameMode.uexp" 1112
"E:/Documents/GitHub/Prototyping-for-Technical-Designers/TechDesign/Content/Levels/L_MainMenu.uexp" 1113
"E:/Documents/GitHub/Prototyping-for-Technical-Designers/TechDesign/Content/Levels/L_MainMenu.umap" 1114
